,model1,model2,mro_model1,mro_model2,mip,GRD
0,GCF_001421285.1.RAST.fbamodel,GCF_001423005.1.RAST.fbamodel,0.69767 (30/43),0.81081 (30/37),16,0.17033842883243552
1,GCF_001421285.1.RAST.fbamodel,GCF_001424185.1.RAST.fbamodel,0.62791 (27/43),0.75000 (27/36),5,0.03555327893941658
2,GCF_001421285.1.RAST.fbamodel,GCF_001424325.1.RAST.fbamodel,0.60465 (26/43),0.78788 (26/33),13,1.0147771576396867
3,GCF_001421285.1.RAST.fbamodel,GCF_001426225.1.RAST.fbamodel,0.69767 (30/43),0.73171 (30/41),10,0.3895946686400872
4,GCF_001421285.1.RAST.fbamodel,GCF_001423805.1.RAST.fbamodel,0.69767 (30/43),0.83333 (30/36),9,0.3301173729629423
5,GCF_001421285.1.RAST.fbamodel,GCF_001423825.1.RAST.fbamodel,0.60465 (26/43),0.74286 (26/35),14,0.130161086322611
6,GCF_001421285.1.RAST.fbamodel,GCF_001423845.1.RAST.fbamodel,0.65116 (28/43),0.77778 (28/36),10,1.0262910121859867
7,GCF_001421285.1.RAST.fbamodel,GCF_001424105.1.RAST.fbamodel,0.62791 (27/43),0.81818 (27/33),8,1.1770212870129895
8,GCF_001421285.1.RAST.fbamodel,GCF_001424545.1.RAST.fbamodel,0.69767 (30/43),0.83333 (30/36),10,1.2332676728184684
9,GCF_001421285.1.RAST.fbamodel,GCF_920939485.1.RAST.fbamodel,0.65116 (28/43),0.82353 (28/34),6,0.3275107219113885
10,GCF_001421285.1.RAST.fbamodel,GCF_001424145.1.RAST.fbamodel,0.62791 (27/43),0.81818 (27/33),11,1.1999041578592784
11,GCF_001421285.1.RAST.fbamodel,GCF_001425385.1.RAST.fbamodel,0.69767 (30/43),0.83333 (30/36),6,0.9022294477383646
12,GCF_001423085.1.RAST.fbamodel,GCF_001424185.1.RAST.fbamodel,0.61905 (26/42),0.72222 (26/36),7,0.30825160100532
13,GCF_001423125.1.RAST.fbamodel,GCF_001423285.1.RAST.fbamodel,0.87879 (29/33),0.70732 (29/41),19,0.7738724794122517
14,GCF_001423125.1.RAST.fbamodel,GCF_001423325.1.RAST.fbamodel,0.84848 (28/33),0.71795 (28/39),13,1.2991846297095435
15,GCF_001423125.1.RAST.fbamodel,GCF_001421625.1.RAST.fbamodel,0.78788 (26/33),0.63415 (26/41),18,1.085489444443015
16,GCF_001423125.1.RAST.fbamodel,GCF_001423545.1.RAST.fbamodel,0.75758 (25/33),0.80645 (25/31),11,0.8896198451561955
17,GCF_001423125.1.RAST.fbamodel,GCF_001426195.1.RAST.fbamodel,0.75758 (25/33),0.67568 (25/37),17,0.15111166278314886
18,GCF_001423125.1.RAST.fbamodel,GCF_001424325.1.RAST.fbamodel,0.63636 (21/33),0.63636 (21/33),4,0.09934413324553283
19,GCF_001423125.1.RAST.fbamodel,GCF_001421825.1.RAST.fbamodel,0.93939 (31/33),0.79487 (31/39),16,1.0007022153836578
20,GCF_001423125.1.RAST.fbamodel,GCF_001424105.1.RAST.fbamodel,0.87879 (29/33),0.87879 (29/33),3,0.017414694684826214
21,GCF_001423125.1.RAST.fbamodel,GCF_001424545.1.RAST.fbamodel,0.84848 (28/33),0.77778 (28/36),4,0.008277551086809946
22,GCF_001423125.1.RAST.fbamodel,GCF_001422545.1.RAST.fbamodel,0.75758 (25/33),0.60976 (25/41),15,0.03536153828021553
23,GCF_001423125.1.RAST.fbamodel,GCF_001422215.1.RAST.fbamodel,0.87879 (29/33),0.72500 (29/40),9,0.7728166962243088
24,GCF_001423125.1.RAST.fbamodel,GCF_001422685.1.RAST.fbamodel,0.75758 (25/33),0.73529 (25/34),17,0.3574383445493647
25,GCF_001423155.1.RAST.fbamodel,GCF_001423285.1.RAST.fbamodel,0.76316 (29/38),0.70732 (29/41),13,0.04491444324378274
26,GCF_001423155.1.RAST.fbamodel,GCF_001423495.1.RAST.fbamodel,0.78947 (30/38),0.81081 (30/37),9,0.014342770894981241
27,GCF_001423155.1.RAST.fbamodel,GCF_001421625.1.RAST.fbamodel,0.65789 (25/38),0.60976 (25/41),6,0.12513560418545677
28,GCF_001423155.1.RAST.fbamodel,GCF_001424105.1.RAST.fbamodel,0.76316 (29/38),0.87879 (29/33),3,0.8218185602134307
29,GCF_001423155.1.RAST.fbamodel,GCF_916856905.1.RAST.fbamodel,0.73684 (28/38),0.62222 (28/45),22,0.455595224175999
30,GCF_001423155.1.RAST.fbamodel,GCF_001422545.1.RAST.fbamodel,0.68421 (26/38),0.63415 (26/41),5,0.919089175770399
31,GCF_001423155.1.RAST.fbamodel,GCF_001422105.1.RAST.fbamodel,0.73684 (28/38),0.82353 (28/34),4,0.8848627250224015
32,GCF_001423465.1.RAST.fbamodel,GCF_001423325.1.RAST.fbamodel,0.71053 (27/38),0.69231 (27/39),12,0.5172911388989531
33,GCF_001423205.1.RAST.fbamodel,GCF_001421315.1.RAST.fbamodel,0.60465 (26/43),0.76471 (26/34),24,1.5970431435708203
34,GCF_001423205.1.RAST.fbamodel,GCF_001421245.1.RAST.fbamodel,0.62791 (27/43),0.72973 (27/37),19,2.142723263937407
35,GCF_001423205.1.RAST.fbamodel,GCF_001423285.1.RAST.fbamodel,0.83721 (36/43),0.87805 (36/41),2,1.073023978080339
36,GCF_001423205.1.RAST.fbamodel,GCF_001423155.1.RAST.fbamodel,0.74419 (32/43),0.84211 (32/38),5,0.9839174312156802
37,GCF_001423205.1.RAST.fbamodel,GCF_001421405.1.RAST.fbamodel,0.67442 (29/43),0.78378 (29/37),12,2.8842299447817297
38,GCF_001423205.1.RAST.fbamodel,GCF_001421415.1.RAST.fbamodel,0.67442 (29/43),0.70732 (29/41),14,2.5134515694820307
39,GCF_001423205.1.RAST.fbamodel,GCF_001421625.1.RAST.fbamodel,0.67442 (29/43),0.70732 (29/41),3,0.7632696217554501
40,GCF_001423205.1.RAST.fbamodel,GCF_001421685.1.RAST.fbamodel,0.72093 (31/43),0.81579 (31/38),16,0.6572031091749859
41,GCF_001423205.1.RAST.fbamodel,GCF_001423545.1.RAST.fbamodel,0.65116 (28/43),0.90323 (28/31),6,0.9460423181440032
42,GCF_001423205.1.RAST.fbamodel,GCF_001421825.1.RAST.fbamodel,0.76744 (33/43),0.84615 (33/39),3,0.8379947578423573
43,GCF_001423205.1.RAST.fbamodel,GCF_001424105.1.RAST.fbamodel,0.65116 (28/43),0.84848 (28/33),5,2.6143375981196786
44,GCF_001423205.1.RAST.fbamodel,GCF_916856905.1.RAST.fbamodel,0.74419 (32/43),0.71111 (32/45),2,1.8877807380372358
45,GCF_001423205.1.RAST.fbamodel,GCF_001422545.1.RAST.fbamodel,0.60465 (26/43),0.63415 (26/41),7,2.8073144678682267
46,GCF_001423495.1.RAST.fbamodel,GCF_001424405.1.RAST.fbamodel,0.72973 (27/37),0.64286 (27/42),7,0.951287394611845
47,GCF_001423495.1.RAST.fbamodel,GCF_001422665.1.RAST.fbamodel,0.81081 (30/37),0.90909 (30/33),11,0.4961173247311016
48,GCF_001423495.1.RAST.fbamodel,GCF_001422525.1.RAST.fbamodel,0.78378 (29/37),0.69048 (29/42),13,0.10917912436013091
49,GCF_001423495.1.RAST.fbamodel,GCF_001421805.1.RAST.fbamodel,0.83784 (31/37),0.77500 (31/40),14,0.10921064199189291
50,GCF_001423495.1.RAST.fbamodel,GCF_001421825.1.RAST.fbamodel,0.91892 (34/37),0.87179 (34/39),4,0.06412975367866502
51,GCF_001423495.1.RAST.fbamodel,GCF_001422685.1.RAST.fbamodel,0.70270 (26/37),0.76471 (26/34),7,0.38505734177081935
52,GCF_001424165.1.RAST.fbamodel,GCF_001423325.1.RAST.fbamodel,0.90323 (28/31),0.71795 (28/39),9,0.4217033912515165
53,GCF_001424165.1.RAST.fbamodel,GCF_001423865.2.RAST.fbamodel,0.80645 (25/31),0.69444 (25/36),14,2.775170589004832
54,GCF_001424565.1.RAST.fbamodel,GCF_001422525.1.RAST.fbamodel,0.75000 (27/36),0.64286 (27/42),13,0.11122266693240268
55,GCF_001424565.1.RAST.fbamodel,GCF_001421805.1.RAST.fbamodel,0.80556 (29/36),0.72500 (29/40),6,0.11125424263198624
56,GCF_001424565.1.RAST.fbamodel,GCF_001421825.1.RAST.fbamodel,0.86111 (31/36),0.79487 (31/39),6,0.06609029765763647
57,GCF_001423585.1.RAST.fbamodel,GCF_001423495.1.RAST.fbamodel,0.88571 (31/35),0.83784 (31/37),4,0.7286305904712002
58,GCF_001423585.1.RAST.fbamodel,GCF_001424405.1.RAST.fbamodel,0.71429 (25/35),0.59524 (25/42),4,0.12880531292685274
59,GCF_001423585.1.RAST.fbamodel,GCF_001422685.1.RAST.fbamodel,0.68571 (24/35),0.70588 (24/34),7,0.24805705752308801
60,GCF_001421425.1.RAST.fbamodel,GCF_001422845.1.RAST.fbamodel,0.84211 (32/38),0.80000 (32/40),11,0.40248868287696216
61,GCF_001421425.1.RAST.fbamodel,GCF_001422425.1.RAST.fbamodel,0.76316 (29/38),0.80556 (29/36),7,0.5988062614858749
62,GCF_001421425.1.RAST.fbamodel,GCF_001422895.1.RAST.fbamodel,0.76316 (29/38),0.67442 (29/43),7,0.8177557624159575
63,GCF_001421425.1.RAST.fbamodel,GCF_001423285.1.RAST.fbamodel,0.76316 (29/38),0.70732 (29/41),5,0.5719876224940819
64,GCF_001421425.1.RAST.fbamodel,GCF_001423295.1.RAST.fbamodel,0.84211 (32/38),0.78049 (32/41),12,0.38741474209529597
65,GCF_001421425.1.RAST.fbamodel,GCF_001422985.1.RAST.fbamodel,0.76316 (29/38),0.76316 (29/38),8,0.910602724922607
66,GCF_001421425.1.RAST.fbamodel,GCF_001423085.1.RAST.fbamodel,0.78947 (30/38),0.71429 (30/42),2,0.553705063188674
67,GCF_001421425.1.RAST.fbamodel,GCF_920984695.1.RAST.fbamodel,0.76316 (29/38),0.72500 (29/40),3,0.8461048711146539
68,GCF_001421425.1.RAST.fbamodel,GCF_001423585.1.RAST.fbamodel,0.81579 (31/38),0.88571 (31/35),9,0.037498795993384196
69,GCF_001421425.1.RAST.fbamodel,GCF_001424225.1.RAST.fbamodel,0.63158 (24/38),0.68571 (24/35),21,0.54587584395842
70,GCF_001421425.1.RAST.fbamodel,GCF_001424305.1.RAST.fbamodel,0.78947 (30/38),0.68182 (30/44),5,0.2503707725213274
71,GCF_001421425.1.RAST.fbamodel,GCF_001424585.1.RAST.fbamodel,0.78947 (30/38),0.69767 (30/43),6,0.19841103650749778
72,GCF_001421425.1.RAST.fbamodel,GCF_001424005.1.RAST.fbamodel,0.76316 (29/38),0.78378 (29/37),13,0.7739209997787545
73,GCF_001421425.1.RAST.fbamodel,GCF_920984725.1.RAST.fbamodel,0.76316 (29/38),0.78378 (29/37),17,0.7739293343157249
74,GCF_001421425.1.RAST.fbamodel,GCF_001421415.1.RAST.fbamodel,0.63158 (24/38),0.58537 (24/41),7,0.07815331809341655
75,GCF_001421425.1.RAST.fbamodel,GCF_001422405.1.RAST.fbamodel,0.68421 (26/38),0.86667 (26/30),10,0.34235501931622436
76,GCF_001421425.1.RAST.fbamodel,GCF_001424185.1.RAST.fbamodel,0.57895 (22/38),0.61111 (22/36),7,1.0326371364066933
77,GCF_001421425.1.RAST.fbamodel,GCF_001426195.1.RAST.fbamodel,0.63158 (24/38),0.64865 (24/37),7,0.020103365380092428
78,GCF_001421425.1.RAST.fbamodel,GCF_001426225.1.RAST.fbamodel,0.71053 (27/38),0.65854 (27/41),6,0.4125351655853332
79,GCF_001421425.1.RAST.fbamodel,GCF_001423805.1.RAST.fbamodel,0.60526 (23/38),0.63889 (23/36),7,0.47569784085412
80,GCF_001421425.1.RAST.fbamodel,GCF_001423825.1.RAST.fbamodel,0.60526 (23/38),0.65714 (23/35),9,0.7367889932848272
81,GCF_001421425.1.RAST.fbamodel,GCF_001423845.1.RAST.fbamodel,0.65789 (25/38),0.69444 (25/36),6,0.03232016387585305
82,GCF_001421425.1.RAST.fbamodel,GCF_001421825.1.RAST.fbamodel,0.78947 (30/38),0.76923 (30/39),3,0.7730018112245545
83,GCF_001421425.1.RAST.fbamodel,GCF_001424105.1.RAST.fbamodel,0.76316 (29/38),0.87879 (29/33),5,0.10911165190661493
84,GCF_001421425.1.RAST.fbamodel,GCF_001424545.1.RAST.fbamodel,0.71053 (27/38),0.75000 (27/36),2,0.13776710063695238
85,GCF_001421425.1.RAST.fbamodel,GCF_920939485.1.RAST.fbamodel,0.76316 (29/38),0.85294 (29/34),2,0.47859546666239217
86,GCF_001421425.1.RAST.fbamodel,GCF_001424145.1.RAST.fbamodel,0.76316 (29/38),0.87879 (29/33),6,0.12076962642271706
87,GCF_001421425.1.RAST.fbamodel,GCF_001425385.1.RAST.fbamodel,0.65789 (25/38),0.69444 (25/36),7,0.031868861928089694
88,GCF_001421425.1.RAST.fbamodel,GCF_916856905.1.RAST.fbamodel,0.73684 (28/38),0.62222 (28/45),5,0.12846795871720254
89,GCF_001421425.1.RAST.fbamodel,GCF_001422545.1.RAST.fbamodel,0.68421 (26/38),0.63415 (26/41),6,0.1683293893138589
90,GCF_001421425.1.RAST.fbamodel,GCF_001425425.1.RAST.fbamodel,0.73684 (28/38),0.68293 (28/41),13,0.12435812738177712
91,GCF_001421425.1.RAST.fbamodel,GCF_001425445.1.RAST.fbamodel,0.60526 (23/38),0.63889 (23/36),11,0.038295797422273285
92,GCF_001421425.1.RAST.fbamodel,GCF_001425575.1.RAST.fbamodel,0.63158 (24/38),0.77419 (24/31),7,0.4634530565760486
93,GCF_001421425.1.RAST.fbamodel,GCF_001424755.1.RAST.fbamodel,0.65789 (25/38),0.65789 (25/38),19,0.03181738456946932
94,GCF_001421425.1.RAST.fbamodel,GCF_001425565.1.RAST.fbamodel,0.71053 (27/38),0.67500 (27/40),7,0.5199455348211468
95,GCF_001421425.1.RAST.fbamodel,GCF_001422165.1.RAST.fbamodel,0.81579 (31/38),0.77500 (31/40),6,0.817788659224937
96,GCF_001421425.1.RAST.fbamodel,GCF_001422775.1.RAST.fbamodel,0.84211 (32/38),0.80000 (32/40),8,1.17394583303721
97,GCF_001421425.1.RAST.fbamodel,GCF_001422795.1.RAST.fbamodel,0.73684 (28/38),0.71795 (28/39),8,0.5720844128294085
98,GCF_001421425.1.RAST.fbamodel,GCF_001422215.1.RAST.fbamodel,0.76316 (29/38),0.72500 (29/40),5,0.571051998246571
99,GCF_001421425.1.RAST.fbamodel,GCF_001422815.1.RAST.fbamodel,0.78947 (30/38),0.76923 (30/39),7,1.2664698413506874
100,GCF_001421425.1.RAST.fbamodel,GCF_001422345.1.RAST.fbamodel,0.76316 (29/38),0.67442 (29/43),11,0.8177628115518185
101,GCF_001421425.1.RAST.fbamodel,GCF_001422375.1.RAST.fbamodel,0.81579 (31/38),0.67391 (31/46),3,0.8895183366278119
102,GCF_001424595.1.RAST.fbamodel,GCF_920984675.1.RAST.fbamodel,0.68750 (22/32),0.61111 (22/36),19,0.599836788958964
103,GCF_001424595.1.RAST.fbamodel,GCF_001423495.1.RAST.fbamodel,0.75000 (24/32),0.64865 (24/37),5,0.005085830477027372
104,GCF_001424595.1.RAST.fbamodel,GCF_920984695.1.RAST.fbamodel,0.75000 (24/32),0.60000 (24/40),5,0.10239852892166956
105,GCF_001424595.1.RAST.fbamodel,GCF_001424185.1.RAST.fbamodel,0.78125 (25/32),0.69444 (25/36),10,0.21378596853659443
106,GCF_001424595.1.RAST.fbamodel,GCF_001423805.1.RAST.fbamodel,0.90625 (29/32),0.80556 (29/36),5,0.1348025456305797
107,GCF_001424595.1.RAST.fbamodel,GCF_001424455.1.RAST.fbamodel,0.93750 (30/32),0.78947 (30/38),7,0.01597192385660419
108,GCF_001424595.1.RAST.fbamodel,GCF_001424485.1.RAST.fbamodel,0.90625 (29/32),0.78378 (29/37),11,0.015971393258188152
109,GCF_001424595.1.RAST.fbamodel,GCF_916856905.1.RAST.fbamodel,0.75000 (24/32),0.53333 (24/45),7,0.4839815817955994
110,GCF_001424595.1.RAST.fbamodel,GCF_001424755.1.RAST.fbamodel,0.84375 (27/32),0.71053 (27/38),5,0.6229864813544376
111,GCF_001424595.1.RAST.fbamodel,GCF_001421165.1.RAST.fbamodel,0.84375 (27/32),0.71053 (27/38),3,0.15991041551288845
112,GCF_001424595.1.RAST.fbamodel,GCF_001422725.1.RAST.fbamodel,0.65625 (21/32),0.72414 (21/29),9,0.8632862595538854
113,GCF_001424595.1.RAST.fbamodel,GCF_001422105.1.RAST.fbamodel,0.81250 (26/32),0.76471 (26/34),4,0.9216204626732873
114,GCF_001424595.1.RAST.fbamodel,GCF_001422215.1.RAST.fbamodel,0.68750 (22/32),0.55000 (22/40),6,0.06592631450253174
115,GCF_001424595.1.RAST.fbamodel,GCF_001422685.1.RAST.fbamodel,0.84375 (27/32),0.79412 (27/34),6,0.39210150861202786
116,GCF_001421405.1.RAST.fbamodel,GCF_001422455.1.RAST.fbamodel,0.72973 (27/37),0.64286 (27/42),3,0.1166261984010963
117,GCF_001423645.1.RAST.fbamodel,GCF_920939515.1.RAST.fbamodel,0.73684 (28/38),0.75676 (28/37),21,0.47829084337009353
118,GCF_920984665.1.RAST.fbamodel,GCF_001424405.1.RAST.fbamodel,0.92105 (35/38),0.83333 (35/42),3,0.07334786932749035
119,GCF_001424305.1.RAST.fbamodel,GCF_001423325.1.RAST.fbamodel,0.70455 (31/44),0.79487 (31/39),4,1.547647791173833
120,GCF_001424345.1.RAST.fbamodel,GCF_001421415.1.RAST.fbamodel,0.76190 (32/42),0.78049 (32/41),11,0.6061870584391601
121,GCF_001424345.1.RAST.fbamodel,GCF_001423545.1.RAST.fbamodel,0.64286 (27/42),0.87097 (27/31),7,0.12404984233005024
122,GCF_001424345.1.RAST.fbamodel,GCF_001424325.1.RAST.fbamodel,0.66667 (28/42),0.84848 (28/33),6,0.5291680281199185
123,GCF_001424345.1.RAST.fbamodel,GCF_001424445.1.RAST.fbamodel,0.73810 (31/42),0.75610 (31/41),8,1.3613332874698445
124,GCF_001424345.1.RAST.fbamodel,GCF_001424105.1.RAST.fbamodel,0.57143 (24/42),0.72727 (24/33),5,0.6523074703388635
125,GCF_001424345.1.RAST.fbamodel,GCF_001424145.1.RAST.fbamodel,0.57143 (24/42),0.72727 (24/33),4,0.6696750260298189
126,GCF_001424345.1.RAST.fbamodel,GCF_001425485.1.RAST.fbamodel,0.69048 (29/42),0.87879 (29/33),15,0.5632382659590985
127,GCF_001424345.1.RAST.fbamodel,GCF_001424715.1.RAST.fbamodel,0.73810 (31/42),0.86111 (31/36),11,0.035396111958202414
128,GCF_001423865.2.RAST.fbamodel,GCF_001421315.1.RAST.fbamodel,0.72222 (26/36),0.76471 (26/34),4,2.305363977641788
129,GCF_001423865.2.RAST.fbamodel,GCF_001421245.1.RAST.fbamodel,0.72222 (26/36),0.70270 (26/37),5,1.7314440802491753
130,GCF_001423865.2.RAST.fbamodel,GCF_001422845.1.RAST.fbamodel,0.72222 (26/36),0.65000 (26/40),6,2.694403883028911
131,GCF_001423865.2.RAST.fbamodel,GCF_001422425.1.RAST.fbamodel,0.61111 (22/36),0.61111 (22/36),6,3.211539196557795
132,GCF_001423865.2.RAST.fbamodel,GCF_001422895.1.RAST.fbamodel,0.86111 (31/36),0.72093 (31/43),5,0.44913710446168786
133,GCF_001423865.2.RAST.fbamodel,GCF_001421285.1.RAST.fbamodel,0.77778 (28/36),0.65116 (28/43),6,4.170498474398926
134,GCF_001423865.2.RAST.fbamodel,GCF_001423285.1.RAST.fbamodel,0.66667 (24/36),0.58537 (24/41),7,3.14089414589958
135,GCF_001423865.2.RAST.fbamodel,GCF_001423295.1.RAST.fbamodel,0.69444 (25/36),0.60976 (25/41),5,2.6546964500662074
136,GCF_001423865.2.RAST.fbamodel,GCF_001423325.1.RAST.fbamodel,0.63889 (23/36),0.58974 (23/39),6,4.367172828939833
137,GCF_001423865.2.RAST.fbamodel,GCF_001422985.1.RAST.fbamodel,0.66667 (24/36),0.63158 (24/38),5,4.032866369615048
138,GCF_001423865.2.RAST.fbamodel,GCF_001423085.1.RAST.fbamodel,0.63889 (23/36),0.54762 (23/42),4,3.0927346427861186
139,GCF_001423865.2.RAST.fbamodel,GCF_001423205.1.RAST.fbamodel,0.72222 (26/36),0.60465 (26/43),5,7.584172855142334
140,GCF_001423865.2.RAST.fbamodel,GCF_001421405.1.RAST.fbamodel,0.75000 (27/36),0.72973 (27/37),5,1.2100063531704046
141,GCF_001423865.2.RAST.fbamodel,GCF_001424265.1.RAST.fbamodel,0.66667 (24/36),0.68571 (24/35),11,2.2955610568780633
142,GCF_001423865.2.RAST.fbamodel,GCF_001421505.1.RAST.fbamodel,0.80556 (29/36),0.74359 (29/39),15,1.501598678307495
143,GCF_001423865.2.RAST.fbamodel,GCF_001424285.1.RAST.fbamodel,0.69444 (25/36),0.71429 (25/35),8,1.909617253866532
144,GCF_001423865.2.RAST.fbamodel,GCF_001424345.1.RAST.fbamodel,0.75000 (27/36),0.64286 (27/42),9,2.9242855848913196
145,GCF_001423865.2.RAST.fbamodel,GCF_001424385.1.RAST.fbamodel,0.66667 (24/36),0.70588 (24/34),9,3.321234142335313
146,GCF_001423865.2.RAST.fbamodel,GCF_001423885.1.RAST.fbamodel,0.77778 (28/36),0.73684 (28/38),9,2.818419458651278
147,GCF_001423865.2.RAST.fbamodel,GCF_001423905.1.RAST.fbamodel,0.66667 (24/36),0.68571 (24/35),12,3.434269172596889
148,GCF_001423865.2.RAST.fbamodel,GCF_001424405.1.RAST.fbamodel,0.77778 (28/36),0.66667 (28/42),9,1.249253268940268
149,GCF_001423865.2.RAST.fbamodel,GCF_001424425.1.RAST.fbamodel,0.66667 (24/36),0.68571 (24/35),6,1.2955928363411573
150,GCF_001423865.2.RAST.fbamodel,GCF_001424005.1.RAST.fbamodel,0.75000 (27/36),0.72973 (27/37),5,3.6728224689312983
151,GCF_001423865.2.RAST.fbamodel,GCF_001421325.1.RAST.fbamodel,0.77778 (28/36),0.70000 (28/40),17,1.5834573570141939
152,GCF_001423865.2.RAST.fbamodel,GCF_001421535.1.RAST.fbamodel,0.83333 (30/36),0.76923 (30/39),10,3.8830457642967993
153,GCF_001423865.2.RAST.fbamodel,GCF_920984725.1.RAST.fbamodel,0.75000 (27/36),0.72973 (27/37),4,3.672844423579595
154,GCF_001423865.2.RAST.fbamodel,GCF_001421415.1.RAST.fbamodel,0.77778 (28/36),0.68293 (28/41),6,1.4432307334769765
155,GCF_001423865.2.RAST.fbamodel,GCF_916858675.1.RAST.fbamodel,0.69444 (25/36),0.59524 (25/42),9,1.576671711218918
156,GCF_001423865.2.RAST.fbamodel,GCF_001421715.1.RAST.fbamodel,0.75000 (27/36),0.72973 (27/37),3,1.7119123543847403
157,GCF_001423865.2.RAST.fbamodel,GCF_001421705.1.RAST.fbamodel,0.72222 (26/36),0.78788 (26/33),8,1.4114698695771646
158,GCF_001423865.2.RAST.fbamodel,GCF_001426145.1.RAST.fbamodel,0.75000 (27/36),0.67500 (27/40),7,1.2705062603492474
159,GCF_001423865.2.RAST.fbamodel,GCF_001421625.1.RAST.fbamodel,0.83333 (30/36),0.73171 (30/41),7,3.868326856669957
160,GCF_001423865.2.RAST.fbamodel,GCF_001421585.1.RAST.fbamodel,0.72222 (26/36),0.55319 (26/47),6,4.3738685307815635
161,GCF_001423865.2.RAST.fbamodel,GCF_001421745.1.RAST.fbamodel,0.77778 (28/36),0.68293 (28/41),5,1.4876017877535535
162,GCF_001423865.2.RAST.fbamodel,GCF_001422665.1.RAST.fbamodel,0.66667 (24/36),0.72727 (24/33),5,1.9335530565973282
163,GCF_001423865.2.RAST.fbamodel,GCF_001421605.1.RAST.fbamodel,0.75000 (27/36),0.75000 (27/36),7,1.7134687939262532
164,GCF_001423865.2.RAST.fbamodel,GCF_001422045.1.RAST.fbamodel,0.75000 (27/36),0.69231 (27/39),11,3.6727566047144182
165,GCF_001423865.2.RAST.fbamodel,GCF_001422695.1.RAST.fbamodel,0.75000 (27/36),0.81818 (27/33),12,3.381105284166468
166,GCF_001423865.2.RAST.fbamodel,GCF_920939495.1.RAST.fbamodel,0.69444 (25/36),0.65789 (25/38),8,2.819626599838863
167,GCF_001423865.2.RAST.fbamodel,GCF_001421635.1.RAST.fbamodel,0.72222 (26/36),0.70270 (26/37),14,1.7181255555401407
168,GCF_001423865.2.RAST.fbamodel,GCF_001426065.1.RAST.fbamodel,0.77778 (28/36),0.73684 (28/38),17,1.2705062603491912
169,GCF_001423865.2.RAST.fbamodel,GCF_001422285.1.RAST.fbamodel,0.69444 (25/36),0.71429 (25/35),10,1.8918484284105923
170,GCF_001423865.2.RAST.fbamodel,GCF_001422365.1.RAST.fbamodel,0.66667 (24/36),0.72727 (24/33),9,2.3943251446136795
171,GCF_001423865.2.RAST.fbamodel,GCF_001422405.1.RAST.fbamodel,0.63889 (23/36),0.76667 (23/30),3,2.5360011501797457
172,GCF_001423865.2.RAST.fbamodel,GCF_001421685.1.RAST.fbamodel,0.77778 (28/36),0.73684 (28/38),6,4.179915972650887
173,GCF_001423865.2.RAST.fbamodel,GCF_001422485.1.RAST.fbamodel,0.77778 (28/36),0.80000 (28/35),13,2.821804920519359
174,GCF_001423865.2.RAST.fbamodel,GCF_001422955.1.RAST.fbamodel,0.75000 (27/36),0.69231 (27/39),15,3.7904993923011046
175,GCF_001423865.2.RAST.fbamodel,GCF_001423335.1.RAST.fbamodel,0.63889 (23/36),0.57500 (23/40),9,1.4891869334825578
176,GCF_001423865.2.RAST.fbamodel,GCF_001422495.1.RAST.fbamodel,0.75000 (27/36),0.72973 (27/37),4,1.2100063531703709
177,GCF_001423865.2.RAST.fbamodel,GCF_001423365.1.RAST.fbamodel,0.66667 (24/36),0.58537 (24/41),6,1.5199312113770889
178,GCF_001423865.2.RAST.fbamodel,GCF_001425965.1.RAST.fbamodel,0.75000 (27/36),0.79412 (27/34),6,2.291917894493039
179,GCF_001423865.2.RAST.fbamodel,GCF_001422525.1.RAST.fbamodel,0.83333 (30/36),0.71429 (30/42),7,3.868120128017483
180,GCF_001423865.2.RAST.fbamodel,GCF_001423105.1.RAST.fbamodel,0.66667 (24/36),0.70588 (24/34),4,1.7427164535155557
181,GCF_001423865.2.RAST.fbamodel,GCF_001423135.1.RAST.fbamodel,0.75000 (27/36),0.71053 (27/38),18,3.790152780894592
182,GCF_001423865.2.RAST.fbamodel,GCF_001421765.1.RAST.fbamodel,0.75000 (27/36),0.72973 (27/37),13,1.2100063531704464
183,GCF_001423865.2.RAST.fbamodel,GCF_001424185.1.RAST.fbamodel,0.66667 (24/36),0.66667 (24/36),4,4.354326648914978
184,GCF_001423865.2.RAST.fbamodel,GCF_001421785.1.RAST.fbamodel,0.69444 (25/36),0.73529 (25/34),3,1.5799694703626495
185,GCF_001423865.2.RAST.fbamodel,GCF_001423605.1.RAST.fbamodel,0.77778 (28/36),0.80000 (28/35),9,2.59267803166044
186,GCF_001423865.2.RAST.fbamodel,GCF_001426195.1.RAST.fbamodel,0.72222 (26/36),0.70270 (26/37),4,1.687133151349471
187,GCF_001423865.2.RAST.fbamodel,GCF_001421805.1.RAST.fbamodel,0.83333 (30/36),0.75000 (30/40),7,3.8682584569986824
188,GCF_001423865.2.RAST.fbamodel,GCF_001423765.1.RAST.fbamodel,0.72222 (26/36),0.74286 (26/35),4,1.7995319261390437
189,GCF_001423865.2.RAST.fbamodel,GCF_001423805.1.RAST.fbamodel,0.72222 (26/36),0.72222 (26/36),7,2.8872497867472746
190,GCF_001423865.2.RAST.fbamodel,GCF_916858655.1.RAST.fbamodel,0.63889 (23/36),0.58974 (23/39),11,5.078756827043979
191,GCF_001423865.2.RAST.fbamodel,GCF_001423825.1.RAST.fbamodel,0.69444 (25/36),0.71429 (25/35),7,3.575010179498433
192,GCF_001423865.2.RAST.fbamodel,GCF_001424365.1.RAST.fbamodel,0.69444 (25/36),0.78125 (25/32),9,0.5733288597447508
193,GCF_001423865.2.RAST.fbamodel,GCF_001423845.1.RAST.fbamodel,0.77778 (28/36),0.77778 (28/36),5,1.5517057734065538
194,GCF_001423865.2.RAST.fbamodel,GCF_001424025.1.RAST.fbamodel,0.69444 (25/36),0.69444 (25/36),7,1.5052529354833666
195,GCF_001423865.2.RAST.fbamodel,GCF_920939475.1.RAST.fbamodel,0.83333 (30/36),0.81081 (30/37),12,1.4985188039954793
196,GCF_001423865.2.RAST.fbamodel,GCF_916862475.1.RAST.fbamodel,0.75000 (27/36),0.71053 (27/38),18,3.8076900619286533
197,GCF_001423865.2.RAST.fbamodel,GCF_001421825.1.RAST.fbamodel,0.77778 (28/36),0.71795 (28/39),4,3.6704011632869893
198,GCF_001423865.2.RAST.fbamodel,GCF_001424485.1.RAST.fbamodel,0.69444 (25/36),0.67568 (25/37),6,3.341914529065225
199,GCF_001423865.2.RAST.fbamodel,GCF_001424085.1.RAST.fbamodel,0.72222 (26/36),0.81250 (26/32),13,3.3668615645295925
200,GCF_001423865.2.RAST.fbamodel,GCF_001424505.1.RAST.fbamodel,0.72222 (26/36),0.78788 (26/33),8,3.352080883128177
201,GCF_001423865.2.RAST.fbamodel,GCF_001424125.1.RAST.fbamodel,0.66667 (24/36),0.77419 (24/31),8,2.9229513481607885
202,GCF_001423865.2.RAST.fbamodel,GCF_001424605.1.RAST.fbamodel,0.72222 (26/36),0.74286 (26/35),15,2.8948846276312308
203,GCF_001423865.2.RAST.fbamodel,GCF_001424525.1.RAST.fbamodel,0.69444 (25/36),0.64103 (25/39),9,3.0038060587533595
204,GCF_001423865.2.RAST.fbamodel,GCF_001424545.1.RAST.fbamodel,0.66667 (24/36),0.66667 (24/36),6,1.315216638529389
205,GCF_001423865.2.RAST.fbamodel,GCF_920939485.1.RAST.fbamodel,0.69444 (25/36),0.73529 (25/34),5,2.8948826469395477
206,GCF_001423865.2.RAST.fbamodel,GCF_001425385.1.RAST.fbamodel,0.72222 (26/36),0.72222 (26/36),5,1.7181255555402277
207,GCF_001423865.2.RAST.fbamodel,GCF_001422545.1.RAST.fbamodel,0.86111 (31/36),0.75610 (31/41),7,1.2546529653876326
208,GCF_001423865.2.RAST.fbamodel,GCF_001421845.1.RAST.fbamodel,0.72222 (26/36),0.74286 (26/35),14,1.7251308813351207
209,GCF_001423865.2.RAST.fbamodel,GCF_001425445.1.RAST.fbamodel,0.69444 (25/36),0.69444 (25/36),6,1.5370201138309547
210,GCF_001423865.2.RAST.fbamodel,GCF_001425485.1.RAST.fbamodel,0.63889 (23/36),0.69697 (23/33),5,1.5103566553775836
211,GCF_001423865.2.RAST.fbamodel,GCF_001421865.1.RAST.fbamodel,0.75000 (27/36),0.69231 (27/39),5,3.372973240216451
212,GCF_001423865.2.RAST.fbamodel,GCF_001425575.1.RAST.fbamodel,0.61111 (22/36),0.70968 (22/31),3,2.8549948536871743
213,GCF_001423865.2.RAST.fbamodel,GCF_001424755.1.RAST.fbamodel,0.75000 (27/36),0.71053 (27/38),3,1.7179899550496485
214,GCF_001423865.2.RAST.fbamodel,GCF_001425605.1.RAST.fbamodel,0.72222 (26/36),0.78788 (26/33),12,3.3668615645295543
215,GCF_001423865.2.RAST.fbamodel,GCF_001425495.1.RAST.fbamodel,0.69444 (25/36),0.62500 (25/40),19,1.9723128715414366
216,GCF_001423865.2.RAST.fbamodel,GCF_001425525.1.RAST.fbamodel,0.63889 (23/36),0.71875 (23/32),10,1.5102262128169588
217,GCF_001423865.2.RAST.fbamodel,GCF_001425565.1.RAST.fbamodel,0.69444 (25/36),0.62500 (25/40),7,3.0038060587533546
218,GCF_001423865.2.RAST.fbamodel,GCF_001426125.1.RAST.fbamodel,0.66667 (24/36),0.70588 (24/34),15,1.4615353319187456
219,GCF_001423865.2.RAST.fbamodel,GCF_001421155.1.RAST.fbamodel,0.75000 (27/36),0.75000 (27/36),3,1.7135737718579014
220,GCF_001423865.2.RAST.fbamodel,GCF_001421915.1.RAST.fbamodel,0.72222 (26/36),0.74286 (26/35),6,2.0278279374821753
221,GCF_001423865.2.RAST.fbamodel,GCF_001421945.1.RAST.fbamodel,0.69444 (25/36),0.65789 (25/38),5,1.5370185850385316
222,GCF_001423865.2.RAST.fbamodel,GCF_001421965.1.RAST.fbamodel,0.75000 (27/36),0.72973 (27/37),13,1.711900686813005
223,GCF_001423865.2.RAST.fbamodel,GCF_001425985.1.RAST.fbamodel,0.69444 (25/36),0.67568 (25/37),11,1.3642275306690816
224,GCF_001423865.2.RAST.fbamodel,GCF_001421165.1.RAST.fbamodel,0.72222 (26/36),0.68421 (26/38),4,2.8031048730189165
225,GCF_001423865.2.RAST.fbamodel,GCF_001422105.1.RAST.fbamodel,0.66667 (24/36),0.70588 (24/34),6,1.29559428575503
226,GCF_001423865.2.RAST.fbamodel,GCF_001422125.1.RAST.fbamodel,0.86111 (31/36),0.73810 (31/42),15,0.3441144971827342
227,GCF_001423865.2.RAST.fbamodel,GCF_001422165.1.RAST.fbamodel,0.75000 (27/36),0.67500 (27/40),5,0.44911087919818543
228,GCF_001423865.2.RAST.fbamodel,GCF_001422775.1.RAST.fbamodel,0.69444 (25/36),0.62500 (25/40),5,4.726558813004278
229,GCF_001423865.2.RAST.fbamodel,GCF_001422215.1.RAST.fbamodel,0.66667 (24/36),0.60000 (24/40),6,3.1384295457247178
230,GCF_001423865.2.RAST.fbamodel,GCF_001421355.1.RAST.fbamodel,0.75000 (27/36),0.61364 (27/44),6,4.17049847439827
231,GCF_001423865.2.RAST.fbamodel,GCF_001422815.1.RAST.fbamodel,0.72222 (26/36),0.66667 (26/39),5,0.16223797648057464
232,GCF_001423865.2.RAST.fbamodel,GCF_001422345.1.RAST.fbamodel,0.86111 (31/36),0.72093 (31/43),4,0.44913148482624016
233,GCF_001423865.2.RAST.fbamodel,GCF_001422375.1.RAST.fbamodel,0.69444 (25/36),0.54348 (25/46),5,3.977326352161777
234,GCF_001423865.2.RAST.fbamodel,GCF_001422685.1.RAST.fbamodel,0.75000 (27/36),0.79412 (27/34),7,2.1687782293267617
235,GCF_001423925.1.RAST.fbamodel,GCF_001424405.1.RAST.fbamodel,0.77143 (27/35),0.64286 (27/42),9,0.7170736076281015
236,GCF_001423925.1.RAST.fbamodel,GCF_001421625.1.RAST.fbamodel,0.80000 (28/35),0.68293 (28/41),3,0.2605278795382905
237,GCF_001423925.1.RAST.fbamodel,GCF_001421685.1.RAST.fbamodel,0.77143 (27/35),0.71053 (27/38),4,0.34120585766470457
238,GCF_001423925.1.RAST.fbamodel,GCF_001422495.1.RAST.fbamodel,0.74286 (26/35),0.70270 (26/37),3,0.7475666617104759
239,GCF_001423925.1.RAST.fbamodel,GCF_001422525.1.RAST.fbamodel,0.80000 (28/35),0.66667 (28/42),4,0.26047435247701983
240,GCF_001423925.1.RAST.fbamodel,GCF_001421765.1.RAST.fbamodel,0.77143 (27/35),0.72973 (27/37),5,0.7475666617105289
241,GCF_001423925.1.RAST.fbamodel,GCF_001421785.1.RAST.fbamodel,0.74286 (26/35),0.76471 (26/34),5,0.49696865382903743
242,GCF_001423925.1.RAST.fbamodel,GCF_001426195.1.RAST.fbamodel,0.80000 (28/35),0.75676 (28/37),5,0.4372690921658686
243,GCF_001423925.1.RAST.fbamodel,GCF_001421805.1.RAST.fbamodel,0.80000 (28/35),0.70000 (28/40),3,0.26051016920471354
244,GCF_001423925.1.RAST.fbamodel,GCF_001424025.1.RAST.fbamodel,0.71429 (25/35),0.69444 (25/36),6,0.5416141700770603
245,GCF_001423925.1.RAST.fbamodel,GCF_001421825.1.RAST.fbamodel,0.77143 (27/35),0.69231 (27/39),4,0.20928011784694933
246,GCF_001424425.1.RAST.fbamodel,GCF_001421825.1.RAST.fbamodel,0.85714 (30/35),0.76923 (30/39),3,1.034507639748041
247,GCF_001423945.1.RAST.fbamodel,GCF_001424405.1.RAST.fbamodel,0.70732 (29/41),0.69048 (29/42),6,1.1532577295996502
248,GCF_001423945.1.RAST.fbamodel,GCF_001423185.1.RAST.fbamodel,0.58537 (24/41),0.70588 (24/34),15,0.4660402880175513
249,GCF_001423945.1.RAST.fbamodel,GCF_001424665.1.RAST.fbamodel,0.70732 (29/41),0.72500 (29/40),14,0.6352622132837638
250,GCF_001423965.1.RAST.fbamodel,GCF_001421315.1.RAST.fbamodel,0.74286 (26/35),0.76471 (26/34),19,0.16844421706334917
251,GCF_001423965.1.RAST.fbamodel,GCF_001421505.1.RAST.fbamodel,0.80000 (28/35),0.71795 (28/39),4,0.5438661118820343
252,GCF_001423965.1.RAST.fbamodel,GCF_001424405.1.RAST.fbamodel,0.80000 (28/35),0.66667 (28/42),6,0.7170736076280559
253,GCF_001423965.1.RAST.fbamodel,GCF_001421415.1.RAST.fbamodel,0.80000 (28/35),0.68293 (28/41),3,0.580748544150899
254,GCF_001423965.1.RAST.fbamodel,GCF_001421585.1.RAST.fbamodel,0.80000 (28/35),0.59574 (28/47),2,0.3914248782913566
255,GCF_001423965.1.RAST.fbamodel,GCF_001421685.1.RAST.fbamodel,0.77143 (27/35),0.71053 (27/38),4,0.3412058576648434
256,GCF_001423965.1.RAST.fbamodel,GCF_001422525.1.RAST.fbamodel,0.77143 (27/35),0.64286 (27/42),4,0.26047435247715034
257,GCF_001423965.1.RAST.fbamodel,GCF_001423185.1.RAST.fbamodel,0.74286 (26/35),0.76471 (26/34),4,0.1690653894655895
258,GCF_001423965.1.RAST.fbamodel,GCF_001421785.1.RAST.fbamodel,0.74286 (26/35),0.76471 (26/34),6,0.49696865382888245
259,GCF_001423965.1.RAST.fbamodel,GCF_001421805.1.RAST.fbamodel,0.77143 (27/35),0.67500 (27/40),3,0.26051016920484404
260,GCF_001423965.1.RAST.fbamodel,GCF_001424025.1.RAST.fbamodel,0.71429 (25/35),0.69444 (25/36),6,0.5416141700769006
261,GCF_001423965.1.RAST.fbamodel,GCF_920939475.1.RAST.fbamodel,0.68571 (24/35),0.64865 (24/37),4,0.5457692048554391
262,GCF_001423965.1.RAST.fbamodel,GCF_001421825.1.RAST.fbamodel,0.77143 (27/35),0.69231 (27/39),4,0.20928011784707454
263,GCF_001423965.1.RAST.fbamodel,GCF_920939515.1.RAST.fbamodel,0.80000 (28/35),0.75676 (28/37),4,0.42088759342572746
264,GCF_001423965.1.RAST.fbamodel,GCF_001425575.1.RAST.fbamodel,0.65714 (23/35),0.74194 (23/31),3,0.0018517719354311645
265,GCF_001423965.1.RAST.fbamodel,GCF_001421355.1.RAST.fbamodel,0.77143 (27/35),0.61364 (27/44),0,0.3387674389941802
266,GCF_001423965.1.RAST.fbamodel,GCF_001422685.1.RAST.fbamodel,0.74286 (26/35),0.76471 (26/34),4,0.21880836886114702
267,GCF_001421325.1.RAST.fbamodel,GCF_001424585.1.RAST.fbamodel,0.62500 (25/40),0.58140 (25/43),2,0.17533614117008214
268,GCF_001421325.1.RAST.fbamodel,GCF_001423865.2.RAST.fbamodel,0.70000 (28/40),0.77778 (28/36),4,1.583457357014221
269,GCF_001421325.1.RAST.fbamodel,GCF_001423905.1.RAST.fbamodel,0.62500 (25/40),0.71429 (25/35),3,0.7164088892586604
270,GCF_001421325.1.RAST.fbamodel,GCF_920984725.1.RAST.fbamodel,0.65000 (26/40),0.70270 (26/37),4,0.8087561657995167
271,GCF_001421325.1.RAST.fbamodel,GCF_001421415.1.RAST.fbamodel,0.90000 (36/40),0.87805 (36/41),3,0.05739393402999934
272,GCF_001421325.1.RAST.fbamodel,GCF_001421625.1.RAST.fbamodel,0.77500 (31/40),0.75610 (31/41),4,0.8844231523513236
273,GCF_001421325.1.RAST.fbamodel,GCF_001422665.1.RAST.fbamodel,0.57500 (23/40),0.69697 (23/33),2,0.13551441003374004
274,GCF_001421325.1.RAST.fbamodel,GCF_001422045.1.RAST.fbamodel,0.65000 (26/40),0.66667 (26/39),4,0.8087221730320945
275,GCF_001421325.1.RAST.fbamodel,GCF_001426065.1.RAST.fbamodel,0.85000 (34/40),0.89474 (34/38),2,0.13783317937949519
276,GCF_001421325.1.RAST.fbamodel,GCF_001423335.1.RAST.fbamodel,0.67500 (27/40),0.67500 (27/40),1,0.03787197428349163
277,GCF_001421325.1.RAST.fbamodel,GCF_001423365.1.RAST.fbamodel,0.70000 (28/40),0.68293 (28/41),1,0.025209476096148542
278,GCF_001421325.1.RAST.fbamodel,GCF_001423105.1.RAST.fbamodel,0.65000 (26/40),0.76471 (26/34),6,0.061645722956790605
279,GCF_001421325.1.RAST.fbamodel,GCF_001423135.1.RAST.fbamodel,0.72500 (29/40),0.76316 (29/38),5,0.854163672525618
280,GCF_001421325.1.RAST.fbamodel,GCF_001424185.1.RAST.fbamodel,0.72500 (29/40),0.80556 (29/36),0,1.072543072707472
281,GCF_001421325.1.RAST.fbamodel,GCF_001423605.1.RAST.fbamodel,0.75000 (30/40),0.85714 (30/35),3,0.39064731295276844
282,GCF_001421325.1.RAST.fbamodel,GCF_001424325.1.RAST.fbamodel,0.67500 (27/40),0.81818 (27/33),6,0.006690340674260556
283,GCF_001421325.1.RAST.fbamodel,GCF_001423805.1.RAST.fbamodel,0.77500 (31/40),0.86111 (31/36),5,0.5046696149999106
284,GCF_001421325.1.RAST.fbamodel,GCF_916858655.1.RAST.fbamodel,0.67500 (27/40),0.69231 (27/39),3,1.3529541954852957
285,GCF_001421325.1.RAST.fbamodel,GCF_001424365.1.RAST.fbamodel,0.60000 (24/40),0.75000 (24/32),8,0.642032650080126
286,GCF_001421325.1.RAST.fbamodel,GCF_001424455.1.RAST.fbamodel,0.77500 (31/40),0.81579 (31/38),4,0.6806595431838133
287,GCF_001421325.1.RAST.fbamodel,GCF_916862475.1.RAST.fbamodel,0.75000 (30/40),0.78947 (30/38),5,0.8609519715413843
288,GCF_001421325.1.RAST.fbamodel,GCF_001424105.1.RAST.fbamodel,0.60000 (24/40),0.72727 (24/33),0,0.08775617827893412
289,GCF_001421325.1.RAST.fbamodel,GCF_001424125.1.RAST.fbamodel,0.57500 (23/40),0.74194 (23/31),4,0.5184889108040329
290,GCF_001421325.1.RAST.fbamodel,GCF_001424545.1.RAST.fbamodel,0.70000 (28/40),0.77778 (28/36),3,0.11585987851884853
291,GCF_001421325.1.RAST.fbamodel,GCF_920939485.1.RAST.fbamodel,0.60000 (24/40),0.70588 (24/34),4,0.5076241287144684
292,GCF_001421325.1.RAST.fbamodel,GCF_001424145.1.RAST.fbamodel,0.60000 (24/40),0.72727 (24/33),0,0.09918968344886823
293,GCF_001421325.1.RAST.fbamodel,GCF_001425385.1.RAST.fbamodel,0.80000 (32/40),0.88889 (32/36),3,0.05212712265614746
294,GCF_001421325.1.RAST.fbamodel,GCF_001424665.1.RAST.fbamodel,0.75000 (30/40),0.75000 (30/40),3,0.14642507461801207
295,GCF_001421325.1.RAST.fbamodel,GCF_001424715.1.RAST.fbamodel,0.70000 (28/40),0.77778 (28/36),3,0.5727722486993375
296,GCF_001421325.1.RAST.fbamodel,GCF_001425575.1.RAST.fbamodel,0.52500 (21/40),0.67742 (21/31),2,0.4921844338636607
297,GCF_001421325.1.RAST.fbamodel,GCF_001425495.1.RAST.fbamodel,0.72500 (29/40),0.72500 (29/40),3,0.1505174890816214
298,GCF_001421435.1.RAST.fbamodel,GCF_001421505.1.RAST.fbamodel,0.75758 (25/33),0.64103 (25/39),8,0.018131675946140072
299,GCF_001421435.1.RAST.fbamodel,GCF_001424755.1.RAST.fbamodel,0.72727 (24/33),0.63158 (24/38),3,0.10620128325751112
300,GCF_001421435.1.RAST.fbamodel,GCF_001422685.1.RAST.fbamodel,0.69697 (23/33),0.67647 (23/34),6,0.2896686895870802
301,GCF_001421275.1.RAST.fbamodel,GCF_001423285.1.RAST.fbamodel,0.69444 (25/36),0.60976 (25/41),17,0.044878420539072504
302,GCF_001421275.1.RAST.fbamodel,GCF_001423325.1.RAST.fbamodel,0.69444 (25/36),0.64103 (25/39),4,0.24046836048616627
303,GCF_916858675.1.RAST.fbamodel,GCF_001421355.1.RAST.fbamodel,0.69048 (29/42),0.65909 (29/44),5,1.0066578337808105
304,GCF_001421585.1.RAST.fbamodel,GCF_001423825.1.RAST.fbamodel,0.55319 (26/47),0.74286 (26/35),5,0.17461345875537965
305,GCF_942548115.1.RAST.fbamodel,GCF_001422955.1.RAST.fbamodel,0.81579 (31/38),0.79487 (31/39),9,0.08648837128911234
306,GCF_942548115.1.RAST.fbamodel,GCF_001423135.1.RAST.fbamodel,0.81579 (31/38),0.81579 (31/38),2,0.08640975959719044
307,GCF_942548115.1.RAST.fbamodel,GCF_916862475.1.RAST.fbamodel,0.81579 (31/38),0.81579 (31/38),5,0.09038722631766986
308,GCF_942548115.1.RAST.fbamodel,GCF_001424755.1.RAST.fbamodel,0.76316 (29/38),0.76316 (29/38),4,0.6222129335984846
309,GCF_920984735.1.RAST.fbamodel,GCF_001423325.1.RAST.fbamodel,0.61538 (24/39),0.61538 (24/39),12,1.4479967280470245
310,GCF_001422145.1.RAST.fbamodel,GCF_920939485.1.RAST.fbamodel,0.65000 (26/40),0.76471 (26/34),10,0.1023348642827021
311,GCF_001422145.1.RAST.fbamodel,GCF_001425575.1.RAST.fbamodel,0.52500 (21/40),0.67742 (21/31),5,0.11374076930490214
312,GCF_001422245.1.RAST.fbamodel,GCF_001424105.1.RAST.fbamodel,0.68571 (24/35),0.72727 (24/33),11,0.01539880411202054
313,GCF_001422325.1.RAST.fbamodel,GCF_001423605.1.RAST.fbamodel,0.76471 (26/34),0.74286 (26/35),4,0.22777782551986145
314,GCF_001422865.1.RAST.fbamodel,GCF_001422955.1.RAST.fbamodel,0.70000 (28/40),0.71795 (28/39),9,1.1059614995368066
315,GCF_001422865.1.RAST.fbamodel,GCF_001422525.1.RAST.fbamodel,0.62500 (25/40),0.59524 (25/42),5,1.1400845141953027
316,GCF_001422865.1.RAST.fbamodel,GCF_001423135.1.RAST.fbamodel,0.70000 (28/40),0.73684 (28/38),4,1.1058091249686064
317,GCF_001422865.1.RAST.fbamodel,GCF_916862475.1.RAST.fbamodel,0.70000 (28/40),0.73684 (28/38),3,1.1135187259182058
318,GCF_001422865.1.RAST.fbamodel,GCF_001421825.1.RAST.fbamodel,0.75000 (30/40),0.76923 (30/39),5,1.0531648648326692
319,GCF_001422865.1.RAST.fbamodel,GCF_001424755.1.RAST.fbamodel,0.67500 (27/40),0.71053 (27/38),4,0.19486127284804122
320,GCF_001421685.1.RAST.fbamodel,GCF_920984695.1.RAST.fbamodel,0.73684 (28/38),0.70000 (28/40),3,0.06517592009935406
321,GCF_001422455.1.RAST.fbamodel,GCF_001424225.1.RAST.fbamodel,0.61905 (26/42),0.74286 (26/35),6,0.6501304642485087
322,GCF_001422955.1.RAST.fbamodel,GCF_001421415.1.RAST.fbamodel,0.79487 (31/39),0.75610 (31/41),6,0.960723286041755
323,GCF_001422955.1.RAST.fbamodel,GCF_001421825.1.RAST.fbamodel,0.76923 (30/39),0.76923 (30/39),0,0.025714756573431304
324,GCF_001422955.1.RAST.fbamodel,GCF_001421155.1.RAST.fbamodel,0.82051 (32/39),0.88889 (32/36),4,0.7653838793633563
325,GCF_001423335.1.RAST.fbamodel,GCF_001422955.1.RAST.fbamodel,0.75000 (30/40),0.76923 (30/39),4,0.9245237582855637
326,GCF_001423335.1.RAST.fbamodel,GCF_001424755.1.RAST.fbamodel,0.77500 (31/40),0.81579 (31/38),2,0.09191877817186257
327,GCF_001423365.1.RAST.fbamodel,GCF_001422955.1.RAST.fbamodel,0.75610 (31/41),0.79487 (31/39),4,0.9010437152700334
328,GCF_001423365.1.RAST.fbamodel,GCF_001424755.1.RAST.fbamodel,0.78049 (32/41),0.84211 (32/38),2,0.07859688501748548
329,GCF_001422525.1.RAST.fbamodel,GCF_001423005.1.RAST.fbamodel,0.76190 (32/42),0.86486 (32/37),6,0.10189531825625074
330,GCF_001422525.1.RAST.fbamodel,GCF_001424185.1.RAST.fbamodel,0.66667 (28/42),0.77778 (28/36),3,0.09987562100187945
331,GCF_001422525.1.RAST.fbamodel,GCF_001423845.1.RAST.fbamodel,0.69048 (29/42),0.80556 (29/36),5,0.9077905371192119
332,GCF_001422525.1.RAST.fbamodel,GCF_001424105.1.RAST.fbamodel,0.59524 (25/42),0.75758 (25/33),4,1.0497058840464168
333,GCF_001422525.1.RAST.fbamodel,GCF_001424545.1.RAST.fbamodel,0.59524 (25/42),0.69444 (25/36),5,1.1026628985828655
334,GCF_001422525.1.RAST.fbamodel,GCF_920939485.1.RAST.fbamodel,0.61905 (26/42),0.76471 (26/34),4,0.24987594474577265
335,GCF_001422525.1.RAST.fbamodel,GCF_001424145.1.RAST.fbamodel,0.59524 (25/42),0.75758 (25/33),5,1.0712505309903384
336,GCF_001422525.1.RAST.fbamodel,GCF_001425385.1.RAST.fbamodel,0.76190 (32/42),0.88889 (32/36),5,0.7909842752094444
337,GCF_001422525.1.RAST.fbamodel,GCF_001425575.1.RAST.fbamodel,0.57143 (24/42),0.77419 (24/31),2,0.2628084635083983
338,GCF_001423105.1.RAST.fbamodel,GCF_001422665.1.RAST.fbamodel,0.70588 (24/34),0.72727 (24/33),4,0.06957941380973841
339,GCF_001423105.1.RAST.fbamodel,GCF_001423335.1.RAST.fbamodel,0.79412 (27/34),0.67500 (27/40),5,0.10185234247478905
340,GCF_001423105.1.RAST.fbamodel,GCF_001423365.1.RAST.fbamodel,0.82353 (28/34),0.68293 (28/41),8,0.08840925543224816
341,GCF_001423105.1.RAST.fbamodel,GCF_001423055.1.RAST.fbamodel,0.79412 (27/34),0.72973 (27/37),13,0.3929715642922577
342,GCF_001423105.1.RAST.fbamodel,GCF_001423805.1.RAST.fbamodel,0.88235 (30/34),0.83333 (30/36),9,0.41729918226322593
343,GCF_001423105.1.RAST.fbamodel,GCF_001423825.1.RAST.fbamodel,0.79412 (27/34),0.77143 (27/35),7,0.6680580209574849
344,GCF_001423105.1.RAST.fbamodel,GCF_001424485.1.RAST.fbamodel,0.82353 (28/34),0.75676 (28/37),6,0.583070872492158
345,GCF_001423105.1.RAST.fbamodel,GCF_001424755.1.RAST.fbamodel,0.82353 (28/34),0.73684 (28/38),5,0.009097347258335166
346,GCF_001423105.1.RAST.fbamodel,GCF_001422645.1.RAST.fbamodel,0.73529 (25/34),0.67568 (25/37),9,0.6144483297021415
347,GCF_001423425.1.RAST.fbamodel,GCF_001422985.1.RAST.fbamodel,0.75758 (25/33),0.65789 (25/38),9,1.3837591145694828
348,GCF_920984705.1.RAST.fbamodel,GCF_001423325.1.RAST.fbamodel,0.76471 (26/34),0.66667 (26/39),12,1.283583658480103
349,GCF_920984705.1.RAST.fbamodel,GCF_001422985.1.RAST.fbamodel,0.79412 (27/34),0.71053 (27/38),4,1.1413455022347825
350,GCF_001421765.1.RAST.fbamodel,GCF_001422215.1.RAST.fbamodel,0.67568 (25/37),0.62500 (25/40),5,0.8725871714296539
351,GCF_001423745.1.RAST.fbamodel,GCF_001424225.1.RAST.fbamodel,0.82857 (29/35),0.82857 (29/35),6,0.014266748120672166
352,GCF_001423845.1.RAST.fbamodel,GCF_001421415.1.RAST.fbamodel,0.86111 (31/36),0.75610 (31/41),4,0.04439819720800823
353,GCF_001423985.1.RAST.fbamodel,GCF_001424185.1.RAST.fbamodel,0.64706 (22/34),0.61111 (22/36),8,1.0932091294121637
354,GCF_001423985.1.RAST.fbamodel,GCF_001423765.1.RAST.fbamodel,0.73529 (25/34),0.71429 (25/35),2,0.09444308689358887
355,GCF_001423985.1.RAST.fbamodel,GCF_001423845.1.RAST.fbamodel,0.76471 (26/34),0.72222 (26/36),3,0.0024475205421750747
356,GCF_001423985.1.RAST.fbamodel,GCF_001424145.1.RAST.fbamodel,0.82353 (28/34),0.84848 (28/33),1,0.0883374871688996
357,GCF_916862475.1.RAST.fbamodel,GCF_001421415.1.RAST.fbamodel,0.81579 (31/38),0.75610 (31/41),6,0.9677593262290277
358,GCF_001424105.1.RAST.fbamodel,GCF_001422985.1.RAST.fbamodel,0.81818 (27/33),0.71053 (27/38),4,1.1190717443573823
359,GCF_001424105.1.RAST.fbamodel,GCF_001423805.1.RAST.fbamodel,0.66667 (22/33),0.61111 (22/36),5,0.6367136699847379
360,GCF_001424105.1.RAST.fbamodel,GCF_001424145.1.RAST.fbamodel,1.00000 (33/33),1.00000 (33/33),1,0.010511091914021034
361,GCF_001424125.1.RAST.fbamodel,GCF_001423805.1.RAST.fbamodel,0.80645 (25/31),0.69444 (25/36),2,0.00918427252491777
362,GCF_001424145.1.RAST.fbamodel,GCF_001423325.1.RAST.fbamodel,0.78788 (26/33),0.66667 (26/39),4,1.2835836584800524
363,GCF_001424145.1.RAST.fbamodel,GCF_001422985.1.RAST.fbamodel,0.81818 (27/33),0.71053 (27/38),4,1.1413455022347276
364,GCF_001424145.1.RAST.fbamodel,GCF_001424755.1.RAST.fbamodel,0.72727 (24/33),0.63158 (24/38),3,0.15642958464043322
365,GCF_001425355.1.RAST.fbamodel,GCF_001423325.1.RAST.fbamodel,0.83871 (26/31),0.66667 (26/39),9,2.3123704855684637
366,GCF_001425355.1.RAST.fbamodel,GCF_001423805.1.RAST.fbamodel,0.70968 (22/31),0.61111 (22/36),8,1.3990305276229273
367,GCF_001425385.1.RAST.fbamodel,GCF_001422985.1.RAST.fbamodel,0.75000 (27/36),0.71053 (27/38),4,0.8515945149615302
368,GCF_916856905.1.RAST.fbamodel,GCF_001424585.1.RAST.fbamodel,0.66667 (30/45),0.69767 (30/43),5,0.35236845607178724
369,GCF_916856905.1.RAST.fbamodel,GCF_001423885.1.RAST.fbamodel,0.60000 (27/45),0.71053 (27/38),5,0.284545214607885
370,GCF_916856905.1.RAST.fbamodel,GCF_001424405.1.RAST.fbamodel,0.71111 (32/45),0.76190 (32/42),7,0.32158736710177466
371,GCF_916856905.1.RAST.fbamodel,GCF_001424005.1.RAST.fbamodel,0.64444 (29/45),0.78378 (29/37),4,0.5719728558312748
372,GCF_916856905.1.RAST.fbamodel,GCF_920984725.1.RAST.fbamodel,0.64444 (29/45),0.78378 (29/37),4,0.5719802415411773
373,GCF_916856905.1.RAST.fbamodel,GCF_001421415.1.RAST.fbamodel,0.66667 (30/45),0.73171 (30/41),4,0.21666147405305652
374,GCF_916856905.1.RAST.fbamodel,GCF_001421745.1.RAST.fbamodel,0.66667 (30/45),0.73171 (30/41),4,0.19496002948584035
375,GCF_916856905.1.RAST.fbamodel,GCF_001422665.1.RAST.fbamodel,0.57778 (26/45),0.78788 (26/33),6,0.013305247354814717
376,GCF_916856905.1.RAST.fbamodel,GCF_001422045.1.RAST.fbamodel,0.64444 (29/45),0.74359 (29/39),4,0.5719506986100995
377,GCF_916856905.1.RAST.fbamodel,GCF_920984735.1.RAST.fbamodel,0.68889 (31/45),0.79487 (31/39),3,0.3558120569588835
378,GCF_916856905.1.RAST.fbamodel,GCF_001423005.1.RAST.fbamodel,0.60000 (27/45),0.72973 (27/37),7,0.4862323487412928
379,GCF_916856905.1.RAST.fbamodel,GCF_001423045.1.RAST.fbamodel,0.55556 (25/45),0.69444 (25/36),15,0.034495393839881684
380,GCF_916856905.1.RAST.fbamodel,GCF_001423055.1.RAST.fbamodel,0.60000 (27/45),0.72973 (27/37),5,0.2852538807085483
381,GCF_916856905.1.RAST.fbamodel,GCF_001423485.1.RAST.fbamodel,0.53333 (24/45),0.80000 (24/30),18,0.5107269020703171
382,GCF_916856905.1.RAST.fbamodel,GCF_001424185.1.RAST.fbamodel,0.57778 (26/45),0.72222 (26/36),3,0.8012360215502391
383,GCF_916856905.1.RAST.fbamodel,GCF_001426225.1.RAST.fbamodel,0.66667 (30/45),0.73171 (30/41),5,0.2517281989920626
384,GCF_916856905.1.RAST.fbamodel,GCF_001423805.1.RAST.fbamodel,0.60000 (27/45),0.75000 (27/36),7,0.30770025808409707
385,GCF_916856905.1.RAST.fbamodel,GCF_001423825.1.RAST.fbamodel,0.53333 (24/45),0.68571 (24/35),7,0.5390680611429497
386,GCF_916856905.1.RAST.fbamodel,GCF_001423845.1.RAST.fbamodel,0.68889 (31/45),0.86111 (31/36),4,0.1649402280715919
387,GCF_916856905.1.RAST.fbamodel,GCF_001424025.1.RAST.fbamodel,0.64444 (29/45),0.80556 (29/36),4,0.1865407534468641
388,GCF_916856905.1.RAST.fbamodel,GCF_001424455.1.RAST.fbamodel,0.62222 (28/45),0.73684 (28/38),4,0.4606521567680516
389,GCF_916856905.1.RAST.fbamodel,GCF_001424065.1.RAST.fbamodel,0.51111 (23/45),0.69697 (23/33),10,0.15916574157113458
390,GCF_916856905.1.RAST.fbamodel,GCF_001424105.1.RAST.fbamodel,0.57778 (26/45),0.78788 (26/33),5,0.25159696181652225
391,GCF_916856905.1.RAST.fbamodel,GCF_001424605.1.RAST.fbamodel,0.60000 (27/45),0.77143 (27/35),3,0.3102686763598058
392,GCF_916856905.1.RAST.fbamodel,GCF_920939485.1.RAST.fbamodel,0.60000 (27/45),0.79412 (27/34),3,0.3102680100400907
393,GCF_916856905.1.RAST.fbamodel,GCF_001424145.1.RAST.fbamodel,0.57778 (26/45),0.78788 (26/33),5,0.2647526125214852
394,GCF_916856905.1.RAST.fbamodel,GCF_001425385.1.RAST.fbamodel,0.66667 (30/45),0.83333 (30/36),2,0.09361567186804476
395,GCF_916856905.1.RAST.fbamodel,GCF_001425405.1.RAST.fbamodel,0.64444 (29/45),0.76316 (29/38),14,0.15408122578558953
396,GCF_916856905.1.RAST.fbamodel,GCF_001425485.1.RAST.fbamodel,0.60000 (27/45),0.81818 (27/33),5,0.18412843819466013
397,GCF_916856905.1.RAST.fbamodel,GCF_001425575.1.RAST.fbamodel,0.48889 (22/45),0.70968 (22/31),2,0.29684945440511024
398,GCF_001425545.1.RAST.fbamodel,GCF_001421315.1.RAST.fbamodel,0.68421 (26/38),0.76471 (26/34),16,0.13463853518651597
399,GCF_001425545.1.RAST.fbamodel,GCF_001421245.1.RAST.fbamodel,0.65789 (25/38),0.67568 (25/37),7,0.06652108728647543
400,GCF_001425545.1.RAST.fbamodel,GCF_001423285.1.RAST.fbamodel,0.76316 (29/38),0.70732 (29/41),5,0.42145255404639254
401,GCF_001425545.1.RAST.fbamodel,GCF_001423325.1.RAST.fbamodel,0.78947 (30/38),0.76923 (30/39),2,0.8423995535504186
402,GCF_001425545.1.RAST.fbamodel,GCF_001422985.1.RAST.fbamodel,0.76316 (29/38),0.76316 (29/38),5,0.7276415438794932
403,GCF_001425545.1.RAST.fbamodel,GCF_001423125.1.RAST.fbamodel,0.81579 (31/38),0.93939 (31/33),6,0.24792943272206483
404,GCF_001425545.1.RAST.fbamodel,GCF_001423495.1.RAST.fbamodel,0.78947 (30/38),0.81081 (30/37),7,0.506599568709786
405,GCF_001425545.1.RAST.fbamodel,GCF_001423585.1.RAST.fbamodel,0.81579 (31/38),0.88571 (31/35),9,0.14737228549162182
406,GCF_001425545.1.RAST.fbamodel,GCF_001424225.1.RAST.fbamodel,0.63158 (24/38),0.68571 (24/35),8,0.3978412648991679
407,GCF_001425545.1.RAST.fbamodel,GCF_001421405.1.RAST.fbamodel,0.65789 (25/38),0.67568 (25/37),7,0.31816033295581064
408,GCF_001425545.1.RAST.fbamodel,GCF_001421505.1.RAST.fbamodel,0.63158 (24/38),0.61538 (24/39),5,0.16451241183898485
409,GCF_001425545.1.RAST.fbamodel,GCF_001423785.1.RAST.fbamodel,0.65789 (25/38),0.75758 (25/33),17,0.485037675233411
410,GCF_001425545.1.RAST.fbamodel,GCF_001423905.1.RAST.fbamodel,0.65789 (25/38),0.71429 (25/35),8,0.5221599535363148
411,GCF_001425545.1.RAST.fbamodel,GCF_001424005.1.RAST.fbamodel,0.76316 (29/38),0.78378 (29/37),5,0.6040485941049804
412,GCF_001425545.1.RAST.fbamodel,GCF_001421535.1.RAST.fbamodel,0.65789 (25/38),0.64103 (25/39),4,0.6762123417372697
413,GCF_001425545.1.RAST.fbamodel,GCF_920984725.1.RAST.fbamodel,0.76316 (29/38),0.78378 (29/37),5,0.6040561305185652
414,GCF_001425545.1.RAST.fbamodel,GCF_001421705.1.RAST.fbamodel,0.78947 (30/38),0.90909 (30/33),4,0.20803612231756952
415,GCF_001425545.1.RAST.fbamodel,GCF_001426145.1.RAST.fbamodel,0.68421 (26/38),0.65000 (26/40),8,0.2830366342533181
416,GCF_001425545.1.RAST.fbamodel,GCF_001421625.1.RAST.fbamodel,0.65789 (25/38),0.60976 (25/41),5,0.6711597545179014
417,GCF_001425545.1.RAST.fbamodel,GCF_001422665.1.RAST.fbamodel,0.73684 (28/38),0.84848 (28/33),5,0.007006298110765082
418,GCF_001425545.1.RAST.fbamodel,GCF_001421685.1.RAST.fbamodel,0.71053 (27/38),0.71053 (27/38),9,0.7781195388347093
419,GCF_001425545.1.RAST.fbamodel,GCF_001422525.1.RAST.fbamodel,0.65789 (25/38),0.59524 (25/42),7,0.6710887903829345
420,GCF_001425545.1.RAST.fbamodel,GCF_001421765.1.RAST.fbamodel,0.65789 (25/38),0.67568 (25/37),7,0.31816033295587903
421,GCF_001425545.1.RAST.fbamodel,GCF_001423485.1.RAST.fbamodel,0.65789 (25/38),0.83333 (25/30),8,0.5415529309890839
422,GCF_001425545.1.RAST.fbamodel,GCF_001423215.1.RAST.fbamodel,0.57895 (22/38),0.75862 (22/29),19,0.353754665986461
423,GCF_001425545.1.RAST.fbamodel,GCF_001424185.1.RAST.fbamodel,0.57895 (22/38),0.61111 (22/36),9,0.8379898210717096
424,GCF_001425545.1.RAST.fbamodel,GCF_001421785.1.RAST.fbamodel,0.65789 (25/38),0.73529 (25/34),4,0.12913844283592252
425,GCF_001425545.1.RAST.fbamodel,GCF_001423605.1.RAST.fbamodel,0.71053 (27/38),0.77143 (27/35),8,0.2332653731383643
426,GCF_001425545.1.RAST.fbamodel,GCF_001421805.1.RAST.fbamodel,0.73684 (28/38),0.70000 (28/40),4,0.6711362748335618
427,GCF_001425545.1.RAST.fbamodel,GCF_001424325.1.RAST.fbamodel,0.57895 (22/38),0.66667 (22/33),7,0.13515813200173438
428,GCF_001425545.1.RAST.fbamodel,GCF_001423765.1.RAST.fbamodel,0.63158 (24/38),0.68571 (24/35),6,0.04058206414070874
429,GCF_001425545.1.RAST.fbamodel,GCF_001426225.1.RAST.fbamodel,0.71053 (27/38),0.65854 (27/41),7,0.2772694199818198
430,GCF_001425545.1.RAST.fbamodel,GCF_001423805.1.RAST.fbamodel,0.60526 (23/38),0.63889 (23/36),8,0.3343835758418847
431,GCF_001425545.1.RAST.fbamodel,GCF_001423845.1.RAST.fbamodel,0.65789 (25/38),0.69444 (25/36),6,0.14164522441804936
432,GCF_001425545.1.RAST.fbamodel,GCF_001424445.1.RAST.fbamodel,0.78947 (30/38),0.73171 (30/41),8,0.7529052624343331
433,GCF_001425545.1.RAST.fbamodel,GCF_001424455.1.RAST.fbamodel,0.68421 (26/38),0.68421 (26/38),8,0.490456422226974
434,GCF_001425545.1.RAST.fbamodel,GCF_920939475.1.RAST.fbamodel,0.65789 (25/38),0.67568 (25/37),5,0.16594788307017333
435,GCF_001425545.1.RAST.fbamodel,GCF_001421825.1.RAST.fbamodel,0.78947 (30/38),0.76923 (30/39),5,0.6032174279435275
436,GCF_001425545.1.RAST.fbamodel,GCF_001424065.1.RAST.fbamodel,0.57895 (22/38),0.66667 (22/33),6,0.1359862088069644
437,GCF_001425545.1.RAST.fbamodel,GCF_001424105.1.RAST.fbamodel,0.76316 (29/38),0.87879 (29/33),5,0.22656910622727663
438,GCF_001425545.1.RAST.fbamodel,GCF_920939515.1.RAST.fbamodel,0.63158 (24/38),0.64865 (24/37),6,0.07175177020707532
439,GCF_001425545.1.RAST.fbamodel,GCF_001424545.1.RAST.fbamodel,0.71053 (27/38),0.75000 (27/36),2,0.2582592323541555
440,GCF_001425545.1.RAST.fbamodel,GCF_920939485.1.RAST.fbamodel,0.76316 (29/38),0.85294 (29/34),3,0.33700372217567354
441,GCF_001425545.1.RAST.fbamodel,GCF_001424145.1.RAST.fbamodel,0.76316 (29/38),0.87879 (29/33),7,0.23946168684173016
442,GCF_001425545.1.RAST.fbamodel,GCF_001425385.1.RAST.fbamodel,0.65789 (25/38),0.69444 (25/36),6,0.07174692662442883
443,GCF_001425545.1.RAST.fbamodel,GCF_916856905.1.RAST.fbamodel,0.73684 (28/38),0.62222 (28/45),3,0.0204047659949851
444,GCF_001425545.1.RAST.fbamodel,GCF_001425425.1.RAST.fbamodel,0.73684 (28/38),0.68293 (28/41),4,0.016688496117903455
445,GCF_001425545.1.RAST.fbamodel,GCF_001424665.1.RAST.fbamodel,0.65789 (25/38),0.62500 (25/40),3,0.01668218408442662
446,GCF_001425545.1.RAST.fbamodel,GCF_001424715.1.RAST.fbamodel,0.65789 (25/38),0.69444 (25/36),9,0.3947789177655645
447,GCF_001425545.1.RAST.fbamodel,GCF_001425575.1.RAST.fbamodel,0.63158 (24/38),0.77419 (24/31),3,0.3233113640529706
448,GCF_001425545.1.RAST.fbamodel,GCF_001424755.1.RAST.fbamodel,0.65789 (25/38),0.65789 (25/38),9,0.07180039606744755
449,GCF_001425545.1.RAST.fbamodel,GCF_001425495.1.RAST.fbamodel,0.73684 (28/38),0.70000 (28/40),4,0.0203114529892675
450,GCF_001425545.1.RAST.fbamodel,GCF_001425565.1.RAST.fbamodel,0.71053 (27/38),0.67500 (27/40),6,0.37439406746414194
451,GCF_001425545.1.RAST.fbamodel,GCF_001421915.1.RAST.fbamodel,0.65789 (25/38),0.71429 (25/35),5,0.03936821452174221
452,GCF_001425545.1.RAST.fbamodel,GCF_001421965.1.RAST.fbamodel,0.65789 (25/38),0.67568 (25/37),5,0.07420700341096156
453,GCF_001425545.1.RAST.fbamodel,GCF_001422215.1.RAST.fbamodel,0.76316 (29/38),0.72500 (29/40),5,0.42060652608966986
454,GCF_001421865.1.RAST.fbamodel,GCF_001424755.1.RAST.fbamodel,0.84615 (33/39),0.86842 (33/38),2,0.6088997062302764
455,GCF_001424705.1.RAST.fbamodel,GCF_001424285.1.RAST.fbamodel,0.60465 (26/43),0.74286 (26/35),8,0.4064539957916688
456,GCF_001424705.1.RAST.fbamodel,GCF_001421845.1.RAST.fbamodel,0.65116 (28/43),0.80000 (28/35),5,0.31727676965613943
457,GCF_001424705.1.RAST.fbamodel,GCF_001421915.1.RAST.fbamodel,0.60465 (26/43),0.74286 (26/35),4,0.4635948063555448
458,GCF_001421885.1.RAST.fbamodel,GCF_001424105.1.RAST.fbamodel,0.72500 (29/40),0.87879 (29/33),5,0.2259711238336833
459,GCF_001426125.1.RAST.fbamodel,GCF_001421315.1.RAST.fbamodel,0.73529 (25/34),0.73529 (25/34),0,0.34280582317097535
460,GCF_001426125.1.RAST.fbamodel,GCF_001421245.1.RAST.fbamodel,0.73529 (25/34),0.67568 (25/37),2,0.10965056841978199
461,GCF_001426125.1.RAST.fbamodel,GCF_001421405.1.RAST.fbamodel,0.73529 (25/34),0.67568 (25/37),3,0.11381369034874132
462,GCF_001426125.1.RAST.fbamodel,GCF_001423905.1.RAST.fbamodel,0.73529 (25/34),0.71429 (25/35),4,0.8014241417136819
463,GCF_001426125.1.RAST.fbamodel,GCF_001421415.1.RAST.fbamodel,0.73529 (25/34),0.60976 (25/41),2,0.007491964713404794
464,GCF_001426125.1.RAST.fbamodel,GCF_001421585.1.RAST.fbamodel,0.88235 (30/34),0.63830 (30/47),4,1.1831368662876438
465,GCF_001426125.1.RAST.fbamodel,GCF_001421605.1.RAST.fbamodel,0.73529 (25/34),0.69444 (25/36),4,0.10234809906680484
466,GCF_001426125.1.RAST.fbamodel,GCF_001421635.1.RAST.fbamodel,0.70588 (24/34),0.64865 (24/37),2,0.10423991087759843
467,GCF_001426125.1.RAST.fbamodel,GCF_001421665.1.RAST.fbamodel,0.82353 (28/34),0.75676 (28/37),6,0.05849411810260143
468,GCF_001426125.1.RAST.fbamodel,GCF_001422285.1.RAST.fbamodel,0.73529 (25/34),0.71429 (25/35),2,0.1748149177109954
469,GCF_001426125.1.RAST.fbamodel,GCF_001422405.1.RAST.fbamodel,0.67647 (23/34),0.76667 (23/30),5,0.4365022936409581
470,GCF_001426125.1.RAST.fbamodel,GCF_001421685.1.RAST.fbamodel,0.79412 (27/34),0.71053 (27/38),2,1.1043435393685288
471,GCF_001426125.1.RAST.fbamodel,GCF_001422525.1.RAST.fbamodel,0.76471 (26/34),0.61905 (26/42),6,0.977676316440494
472,GCF_001426125.1.RAST.fbamodel,GCF_001424185.1.RAST.fbamodel,0.70588 (24/34),0.66667 (24/36),5,1.1751979666856978
473,GCF_001426125.1.RAST.fbamodel,GCF_001421785.1.RAST.fbamodel,0.67647 (23/34),0.67647 (23/34),5,0.048113929915229434
474,GCF_001426125.1.RAST.fbamodel,GCF_001421805.1.RAST.fbamodel,0.82353 (28/34),0.70000 (28/40),5,0.9777325126605544
475,GCF_001426125.1.RAST.fbamodel,GCF_001423825.1.RAST.fbamodel,0.64706 (22/34),0.62857 (22/35),3,0.8586002484603704
476,GCF_001426125.1.RAST.fbamodel,GCF_920939475.1.RAST.fbamodel,0.67647 (23/34),0.62162 (23/37),4,0.015024554633454177
477,GCF_001426125.1.RAST.fbamodel,GCF_001421825.1.RAST.fbamodel,0.85294 (29/34),0.74359 (29/39),6,0.8973528848948815
478,GCF_001426125.1.RAST.fbamodel,GCF_001424125.1.RAST.fbamodel,0.82353 (28/34),0.90323 (28/31),4,0.5937010114346194
479,GCF_001426125.1.RAST.fbamodel,GCF_920939515.1.RAST.fbamodel,0.70588 (24/34),0.64865 (24/37),2,0.10423492047086762
480,GCF_001426125.1.RAST.fbamodel,GCF_920939485.1.RAST.fbamodel,0.82353 (28/34),0.82353 (28/34),2,0.5822980870655587
481,GCF_001426125.1.RAST.fbamodel,GCF_001424145.1.RAST.fbamodel,0.73529 (25/34),0.75758 (25/33),2,0.04731523241288708
482,GCF_001426125.1.RAST.fbamodel,GCF_001422545.1.RAST.fbamodel,0.70588 (24/34),0.58537 (24/41),6,0.09175796439949727
483,GCF_001426125.1.RAST.fbamodel,GCF_001424645.1.RAST.fbamodel,0.70588 (24/34),0.61538 (24/39),7,0.744222347060358
484,GCF_001426125.1.RAST.fbamodel,GCF_001421845.1.RAST.fbamodel,0.70588 (24/34),0.68571 (24/35),2,0.1070858281001307
485,GCF_001426125.1.RAST.fbamodel,GCF_001425445.1.RAST.fbamodel,0.76471 (26/34),0.72222 (26/36),3,0.030665731640430467
486,GCF_001426125.1.RAST.fbamodel,GCF_001421865.1.RAST.fbamodel,0.73529 (25/34),0.64103 (25/39),1,0.776522637522845
487,GCF_001426125.1.RAST.fbamodel,GCF_001424755.1.RAST.fbamodel,0.76471 (26/34),0.68421 (26/38),2,0.10418482310828223
488,GCF_001426125.1.RAST.fbamodel,GCF_001421155.1.RAST.fbamodel,0.73529 (25/34),0.69444 (25/36),4,0.10239074640563792
489,GCF_001426125.1.RAST.fbamodel,GCF_001421945.1.RAST.fbamodel,0.82353 (28/34),0.73684 (28/38),4,0.03066511056772568
490,GCF_001426125.1.RAST.fbamodel,GCF_001421165.1.RAST.fbamodel,0.73529 (25/34),0.65789 (25/38),4,0.5450133190061516
491,GCF_001422605.1.RAST.fbamodel,GCF_001423125.1.RAST.fbamodel,0.80556 (29/36),0.87879 (29/33),13,0.02311984695543623
492,GCF_001422605.1.RAST.fbamodel,GCF_001424105.1.RAST.fbamodel,0.72222 (26/36),0.78788 (26/33),2,0.005607499380517313
493,GCF_003627215.1.RAST.fbamodel,GCF_001421315.1.RAST.fbamodel,0.64103 (25/39),0.73529 (25/34),17,0.2553285723291608
494,GCF_003627215.1.RAST.fbamodel,GCF_001423125.1.RAST.fbamodel,0.76923 (30/39),0.90909 (30/33),6,0.12795076506106498
495,GCF_003627215.1.RAST.fbamodel,GCF_920984695.1.RAST.fbamodel,0.71795 (28/39),0.70000 (28/40),4,0.8468834894121385
496,GCF_003627215.1.RAST.fbamodel,GCF_001424565.1.RAST.fbamodel,0.69231 (27/39),0.75000 (27/36),7,0.6637892693238603
497,GCF_003627215.1.RAST.fbamodel,GCF_001424225.1.RAST.fbamodel,0.58974 (23/39),0.65714 (23/35),6,0.5465278368304254
498,GCF_003627215.1.RAST.fbamodel,GCF_001421405.1.RAST.fbamodel,0.64103 (25/39),0.67568 (25/37),4,0.19142951279505155
499,GCF_003627215.1.RAST.fbamodel,GCF_001424585.1.RAST.fbamodel,0.74359 (29/39),0.67442 (29/43),3,0.19790580444169115
500,GCF_003627215.1.RAST.fbamodel,GCF_001423865.2.RAST.fbamodel,0.64103 (25/39),0.69444 (25/36),5,1.633066792631784
501,GCF_003627215.1.RAST.fbamodel,GCF_001423905.1.RAST.fbamodel,0.61538 (24/39),0.68571 (24/35),7,0.6840701439889357
502,GCF_003627215.1.RAST.fbamodel,GCF_001424405.1.RAST.fbamodel,0.61538 (24/39),0.57143 (24/42),2,0.17064042053047626
503,GCF_003627215.1.RAST.fbamodel,GCF_001424005.1.RAST.fbamodel,0.71795 (28/39),0.75676 (28/37),4,0.7746691736067784
504,GCF_003627215.1.RAST.fbamodel,GCF_001421535.1.RAST.fbamodel,0.61538 (24/39),0.61538 (24/39),7,0.8545088859731119
505,GCF_003627215.1.RAST.fbamodel,GCF_920984725.1.RAST.fbamodel,0.71795 (28/39),0.75676 (28/37),3,0.7746775116589534
506,GCF_003627215.1.RAST.fbamodel,GCF_001421415.1.RAST.fbamodel,0.61538 (24/39),0.58537 (24/41),8,0.07769878487270437
507,GCF_003627215.1.RAST.fbamodel,GCF_001426145.1.RAST.fbamodel,0.71795 (28/39),0.70000 (28/40),5,0.15968268337951813
508,GCF_003627215.1.RAST.fbamodel,GCF_001421625.1.RAST.fbamodel,0.61538 (24/39),0.58537 (24/41),4,0.8489188615697828
509,GCF_003627215.1.RAST.fbamodel,GCF_001422665.1.RAST.fbamodel,0.69231 (27/39),0.81818 (27/33),6,0.11412025885800063
510,GCF_003627215.1.RAST.fbamodel,GCF_001426065.1.RAST.fbamodel,0.66667 (26/39),0.68421 (26/38),5,0.15968268337951155
511,GCF_003627215.1.RAST.fbamodel,GCF_001421685.1.RAST.fbamodel,0.69231 (27/39),0.71053 (27/38),6,0.9672558201508803
512,GCF_003627215.1.RAST.fbamodel,GCF_001423335.1.RAST.fbamodel,0.69231 (27/39),0.67500 (27/40),5,0.05780195019259515
513,GCF_003627215.1.RAST.fbamodel,GCF_001422495.1.RAST.fbamodel,0.64103 (25/39),0.67568 (25/37),3,0.19142951279507722
514,GCF_003627215.1.RAST.fbamodel,GCF_001423365.1.RAST.fbamodel,0.66667 (26/39),0.63415 (26/41),5,0.044896297463963834
515,GCF_003627215.1.RAST.fbamodel,GCF_001422525.1.RAST.fbamodel,0.61538 (24/39),0.57143 (24/42),5,0.8488403490713334
516,GCF_003627215.1.RAST.fbamodel,GCF_001423105.1.RAST.fbamodel,0.58974 (23/39),0.67647 (23/34),7,0.04164332678170389
517,GCF_003627215.1.RAST.fbamodel,GCF_001423135.1.RAST.fbamodel,0.69231 (27/39),0.71053 (27/38),0,0.8192294985829037
518,GCF_003627215.1.RAST.fbamodel,GCF_001421765.1.RAST.fbamodel,0.61538 (24/39),0.64865 (24/37),3,0.1914295127951134
519,GCF_003627215.1.RAST.fbamodel,GCF_001424185.1.RAST.fbamodel,0.61538 (24/39),0.66667 (24/36),7,1.0334944270681645
520,GCF_003627215.1.RAST.fbamodel,GCF_001421785.1.RAST.fbamodel,0.61538 (24/39),0.70588 (24/34),5,0.020580601002856257
521,GCF_003627215.1.RAST.fbamodel,GCF_001421805.1.RAST.fbamodel,0.69231 (27/39),0.67500 (27/40),4,0.8488928843817122
522,GCF_003627215.1.RAST.fbamodel,GCF_001424325.1.RAST.fbamodel,0.58974 (23/39),0.69697 (23/33),7,0.026021544073809143
523,GCF_003627215.1.RAST.fbamodel,GCF_001423805.1.RAST.fbamodel,0.58974 (23/39),0.63889 (23/36),3,0.47632023525765516
524,GCF_003627215.1.RAST.fbamodel,GCF_916858655.1.RAST.fbamodel,0.64103 (25/39),0.64103 (25/39),1,1.3086223426061172
525,GCF_003627215.1.RAST.fbamodel,GCF_001423825.1.RAST.fbamodel,0.56410 (22/39),0.62857 (22/35),4,0.7375215062150597
526,GCF_003627215.1.RAST.fbamodel,GCF_001424365.1.RAST.fbamodel,0.71795 (28/39),0.87500 (28/32),5,0.6735641606796399
527,GCF_003627215.1.RAST.fbamodel,GCF_001424455.1.RAST.fbamodel,0.64103 (25/39),0.65789 (25/38),5,0.6489943489563307
528,GCF_003627215.1.RAST.fbamodel,GCF_920939475.1.RAST.fbamodel,0.64103 (25/39),0.67568 (25/37),5,0.05385110106881615
529,GCF_003627215.1.RAST.fbamodel,GCF_916862475.1.RAST.fbamodel,0.69231 (27/39),0.71053 (27/38),2,0.825889899710201
530,GCF_003627215.1.RAST.fbamodel,GCF_001421825.1.RAST.fbamodel,0.74359 (29/39),0.74359 (29/39),4,0.7737495973730557
531,GCF_003627215.1.RAST.fbamodel,GCF_001424065.1.RAST.fbamodel,0.56410 (22/39),0.66667 (22/33),6,0.026770007762137393
532,GCF_003627215.1.RAST.fbamodel,GCF_001424105.1.RAST.fbamodel,0.71795 (28/39),0.84848 (28/33),7,0.10864406711805998
533,GCF_003627215.1.RAST.fbamodel,GCF_001424125.1.RAST.fbamodel,0.69231 (27/39),0.87097 (27/31),4,0.4898791626323122
534,GCF_003627215.1.RAST.fbamodel,GCF_001424545.1.RAST.fbamodel,0.74359 (29/39),0.80556 (29/36),2,0.1372874351422643
535,GCF_003627215.1.RAST.fbamodel,GCF_920939485.1.RAST.fbamodel,0.71795 (28/39),0.82353 (28/34),1,0.4792190831766039
536,GCF_003627215.1.RAST.fbamodel,GCF_001424145.1.RAST.fbamodel,0.71795 (28/39),0.84848 (28/33),6,0.12029712680747201
537,GCF_003627215.1.RAST.fbamodel,GCF_001425385.1.RAST.fbamodel,0.61538 (24/39),0.66667 (24/36),7,0.03230406579372288
538,GCF_003627215.1.RAST.fbamodel,GCF_916856905.1.RAST.fbamodel,0.71795 (28/39),0.62222 (28/45),5,0.12894390448511653
539,GCF_003627215.1.RAST.fbamodel,GCF_001422545.1.RAST.fbamodel,0.64103 (25/39),0.60976 (25/41),3,0.167836839218
540,GCF_003627215.1.RAST.fbamodel,GCF_001424715.1.RAST.fbamodel,0.61538 (24/39),0.66667 (24/36),7,0.5431397517830884
541,GCF_003627215.1.RAST.fbamodel,GCF_001425575.1.RAST.fbamodel,0.64103 (25/39),0.80645 (25/31),2,0.46407028658549826
542,GCF_003627215.1.RAST.fbamodel,GCF_001424755.1.RAST.fbamodel,0.61538 (24/39),0.63158 (24/38),7,0.0322525667239087
543,GCF_003627215.1.RAST.fbamodel,GCF_001421155.1.RAST.fbamodel,0.61538 (24/39),0.66667 (24/36),3,0.030575365369165445
544,GCF_003627215.1.RAST.fbamodel,GCF_001421965.1.RAST.fbamodel,0.61538 (24/39),0.64865 (24/37),5,0.02993995230271174
545,GCF_003627215.1.RAST.fbamodel,GCF_001421165.1.RAST.fbamodel,0.58974 (23/39),0.60526 (23/38),7,0.4443632359275112
546,GCF_003627215.1.RAST.fbamodel,GCF_001422215.1.RAST.fbamodel,0.76923 (30/39),0.75000 (30/40),5,0.5717146094833032
547,GCF_920984685.1.RAST.fbamodel,GCF_001421315.1.RAST.fbamodel,0.68421 (26/38),0.76471 (26/34),14,0.12801646090202876
548,GCF_920984685.1.RAST.fbamodel,GCF_001422845.1.RAST.fbamodel,0.84211 (32/38),0.80000 (32/40),3,0.26078350870462885
549,GCF_920984685.1.RAST.fbamodel,GCF_001421805.1.RAST.fbamodel,0.73684 (28/38),0.70000 (28/40),5,0.6613830466374453
550,GCF_920984685.1.RAST.fbamodel,GCF_001421825.1.RAST.fbamodel,0.78947 (30/38),0.76923 (30/39),4,0.5938605935200264
551,GCF_920984685.1.RAST.fbamodel,GCF_001424105.1.RAST.fbamodel,0.76316 (29/38),0.87879 (29/33),3,0.23376973850503685
552,GCF_920984685.1.RAST.fbamodel,GCF_001425385.1.RAST.fbamodel,0.65789 (25/38),0.69444 (25/36),6,0.07803866793297945
553,GCF_001421905.1.RAST.fbamodel,GCF_001421405.1.RAST.fbamodel,0.78788 (26/33),0.70270 (26/37),12,0.023272826174257792
554,GCF_001421905.1.RAST.fbamodel,GCF_001424405.1.RAST.fbamodel,0.72727 (24/33),0.57143 (24/42),2,0.04144485647677432
555,GCF_001421905.1.RAST.fbamodel,GCF_920939515.1.RAST.fbamodel,0.72727 (24/33),0.64865 (24/37),2,0.25853549931058106
556,GCF_001421905.1.RAST.fbamodel,GCF_001421845.1.RAST.fbamodel,0.75758 (25/33),0.71429 (25/35),2,0.261784779323527
557,GCF_001421905.1.RAST.fbamodel,GCF_001421155.1.RAST.fbamodel,0.75758 (25/33),0.69444 (25/36),4,0.25643362906089745
558,GCF_001421905.1.RAST.fbamodel,GCF_001422685.1.RAST.fbamodel,0.75758 (25/33),0.73529 (25/34),4,0.4672015080821808
559,GCF_001422645.1.RAST.fbamodel,GCF_001421805.1.RAST.fbamodel,0.75676 (28/37),0.70000 (28/40),4,0.09943248538723203
560,GCF_001422645.1.RAST.fbamodel,GCF_001421825.1.RAST.fbamodel,0.81081 (30/37),0.76923 (30/39),3,0.05474900399467935
561,GCF_001422025.1.RAST.fbamodel,GCF_001423325.1.RAST.fbamodel,0.75000 (24/32),0.61538 (24/39),14,0.09115886406014005
562,GCF_001422065.1.RAST.fbamodel,GCF_001421825.1.RAST.fbamodel,0.85714 (30/35),0.76923 (30/39),7,1.0345076397482018
563,GCF_001422735.1.RAST.fbamodel,GCF_001424105.1.RAST.fbamodel,0.79412 (27/34),0.81818 (27/33),5,0.03716231706560795
564,GCF_001422735.1.RAST.fbamodel,GCF_001425385.1.RAST.fbamodel,0.82353 (28/34),0.77778 (28/36),5,0.18698848081843658
565,GCF_001422735.1.RAST.fbamodel,GCF_001422105.1.RAST.fbamodel,1.00000 (34/34),1.00000 (34/34),1,0.0024717100613418667
566,GCF_001422725.1.RAST.fbamodel,GCF_001421315.1.RAST.fbamodel,0.72414 (21/29),0.61765 (21/34),5,0.3961629899663778
567,GCF_001422725.1.RAST.fbamodel,GCF_001423125.1.RAST.fbamodel,0.96552 (28/29),0.84848 (28/33),2,0.014171578631942988
568,GCF_001422725.1.RAST.fbamodel,GCF_001423495.1.RAST.fbamodel,0.93103 (27/29),0.72973 (27/37),3,0.8538578527861074
569,GCF_001422725.1.RAST.fbamodel,GCF_920984695.1.RAST.fbamodel,0.96552 (28/29),0.70000 (28/40),2,1.0540840314921613
570,GCF_001422725.1.RAST.fbamodel,GCF_001424165.1.RAST.fbamodel,0.89655 (26/29),0.83871 (26/31),3,0.594606068448294
571,GCF_001422725.1.RAST.fbamodel,GCF_001423585.1.RAST.fbamodel,0.93103 (27/29),0.77143 (27/35),3,0.07244304422538918
572,GCF_001422725.1.RAST.fbamodel,GCF_001421405.1.RAST.fbamodel,0.79310 (23/29),0.62162 (23/37),2,0.07124706791136266
573,GCF_001422725.1.RAST.fbamodel,GCF_001424405.1.RAST.fbamodel,0.79310 (23/29),0.54762 (23/42),4,0.05255502285641028
574,GCF_001422725.1.RAST.fbamodel,GCF_001424005.1.RAST.fbamodel,0.93103 (27/29),0.72973 (27/37),4,0.9737680430763805
575,GCF_001422725.1.RAST.fbamodel,GCF_920984725.1.RAST.fbamodel,0.93103 (27/29),0.72973 (27/37),4,0.9737773165686849
576,GCF_001422725.1.RAST.fbamodel,GCF_001421625.1.RAST.fbamodel,0.79310 (23/29),0.56098 (23/41),5,1.0563477506012058
577,GCF_001422725.1.RAST.fbamodel,GCF_001421685.1.RAST.fbamodel,0.82759 (24/29),0.63158 (24/38),5,1.1879608482060535
578,GCF_001422725.1.RAST.fbamodel,GCF_001422525.1.RAST.fbamodel,0.79310 (23/29),0.54762 (23/42),5,1.0562604298415248
579,GCF_001422725.1.RAST.fbamodel,GCF_001421785.1.RAST.fbamodel,0.79310 (23/29),0.67647 (23/34),2,0.08976134372150017
580,GCF_001422725.1.RAST.fbamodel,GCF_001421805.1.RAST.fbamodel,0.82759 (24/29),0.60000 (24/40),5,1.0563188590509238
581,GCF_001422725.1.RAST.fbamodel,GCF_001423845.1.RAST.fbamodel,0.82759 (24/29),0.66667 (24/36),3,0.07782295269506077
582,GCF_001422725.1.RAST.fbamodel,GCF_001421825.1.RAST.fbamodel,0.93103 (27/29),0.69231 (27/39),4,0.9727453002405393
583,GCF_001422725.1.RAST.fbamodel,GCF_001425385.1.RAST.fbamodel,0.79310 (23/29),0.63889 (23/36),4,0.1481175230313276
584,GCF_001422725.1.RAST.fbamodel,GCF_001421915.1.RAST.fbamodel,0.79310 (23/29),0.65714 (23/35),5,0.27893367716645867
585,GCF_001422725.1.RAST.fbamodel,GCF_001421945.1.RAST.fbamodel,0.75862 (22/29),0.57895 (22/38),4,0.07161918543530382
586,GCF_001422725.1.RAST.fbamodel,GCF_001421965.1.RAST.fbamodel,0.79310 (23/29),0.62162 (23/37),4,0.1454881813330774
587,GCF_001422075.1.RAST.fbamodel,GCF_001424405.1.RAST.fbamodel,0.63158 (24/38),0.57143 (24/42),7,0.9096061679691538
588,GCF_001422075.1.RAST.fbamodel,GCF_001421415.1.RAST.fbamodel,0.63158 (24/38),0.58537 (24/41),7,0.757995205627017
589,GCF_001422075.1.RAST.fbamodel,GCF_001421625.1.RAST.fbamodel,0.65789 (25/38),0.60976 (25/41),1,0.1334374542456697
590,GCF_001422345.1.RAST.fbamodel,GCF_001422045.1.RAST.fbamodel,0.76744 (33/43),0.84615 (33/39),5,2.2245221732069442
591,GCF_003258395.1.RAST.fbamodel,GCF_001422845.1.RAST.fbamodel,0.84211 (32/38),0.80000 (32/40),11,0.402488682876952
592,GCF_003258395.1.RAST.fbamodel,GCF_001422425.1.RAST.fbamodel,0.76316 (29/38),0.80556 (29/36),4,0.5988062614914957
593,GCF_003258395.1.RAST.fbamodel,GCF_001422895.1.RAST.fbamodel,0.76316 (29/38),0.67442 (29/43),10,0.8177557624159055
594,GCF_003258395.1.RAST.fbamodel,GCF_001423265.1.RAST.fbamodel,0.71053 (27/38),0.69231 (27/39),10,0.5206143097139747
595,GCF_003258395.1.RAST.fbamodel,GCF_001423285.1.RAST.fbamodel,0.76316 (29/38),0.70732 (29/41),5,0.5719876224941302
596,GCF_003258395.1.RAST.fbamodel,GCF_001423295.1.RAST.fbamodel,0.84211 (32/38),0.78049 (32/41),4,0.38741474209532695
597,GCF_003258395.1.RAST.fbamodel,GCF_001422985.1.RAST.fbamodel,0.76316 (29/38),0.76316 (29/38),5,0.910602724905706
598,GCF_003258395.1.RAST.fbamodel,GCF_001423085.1.RAST.fbamodel,0.78947 (30/38),0.71429 (30/42),3,0.5537050631887216
599,GCF_003258395.1.RAST.fbamodel,GCF_001423125.1.RAST.fbamodel,0.81579 (31/38),0.93939 (31/33),7,0.12842649269591724
600,GCF_003258395.1.RAST.fbamodel,GCF_920984695.1.RAST.fbamodel,0.76316 (29/38),0.72500 (29/40),4,0.8461048711149319
601,GCF_003258395.1.RAST.fbamodel,GCF_001423585.1.RAST.fbamodel,0.81579 (31/38),0.88571 (31/35),8,0.037498795993352346
602,GCF_003258395.1.RAST.fbamodel,GCF_001424585.1.RAST.fbamodel,0.78947 (30/38),0.69767 (30/43),6,0.19841103650746483
603,GCF_003258395.1.RAST.fbamodel,GCF_001423905.1.RAST.fbamodel,0.65789 (25/38),0.71429 (25/35),8,0.6833601653490236
604,GCF_003258395.1.RAST.fbamodel,GCF_001424405.1.RAST.fbamodel,0.63158 (24/38),0.57143 (24/42),3,0.17113415307250904
605,GCF_003258395.1.RAST.fbamodel,GCF_001424005.1.RAST.fbamodel,0.76316 (29/38),0.78378 (29/37),3,0.7739209997788243
606,GCF_003258395.1.RAST.fbamodel,GCF_920984725.1.RAST.fbamodel,0.76316 (29/38),0.78378 (29/37),3,0.7739293343158018
607,GCF_003258395.1.RAST.fbamodel,GCF_001421415.1.RAST.fbamodel,0.63158 (24/38),0.58537 (24/41),8,0.07815331809338345
608,GCF_003258395.1.RAST.fbamodel,GCF_001421745.1.RAST.fbamodel,0.63158 (24/38),0.58537 (24/41),7,0.05892242686640981
609,GCF_003258395.1.RAST.fbamodel,GCF_001421995.1.RAST.fbamodel,0.76316 (29/38),0.64444 (29/45),11,0.7809659238400235
610,GCF_003258395.1.RAST.fbamodel,GCF_001422665.1.RAST.fbamodel,0.73684 (28/38),0.84848 (28/33),4,0.1136505625161315
611,GCF_003258395.1.RAST.fbamodel,GCF_001422045.1.RAST.fbamodel,0.76316 (29/38),0.74359 (29/39),3,0.7738959960646739
612,GCF_003258395.1.RAST.fbamodel,GCF_920984735.1.RAST.fbamodel,0.65789 (25/38),0.64103 (25/39),4,0.20146260820739217
613,GCF_003258395.1.RAST.fbamodel,GCF_001422405.1.RAST.fbamodel,0.68421 (26/38),0.86667 (26/30),6,0.3423550193167309
614,GCF_003258395.1.RAST.fbamodel,GCF_001423005.1.RAST.fbamodel,0.68421 (26/38),0.70270 (26/37),8,0.6771655847636117
615,GCF_003258395.1.RAST.fbamodel,GCF_001423485.1.RAST.fbamodel,0.65789 (25/38),0.83333 (25/30),7,0.7048069033581669
616,GCF_003258395.1.RAST.fbamodel,GCF_001424185.1.RAST.fbamodel,0.57895 (22/38),0.61111 (22/36),6,1.0326371364067557
617,GCF_003258395.1.RAST.fbamodel,GCF_001426195.1.RAST.fbamodel,0.63158 (24/38),0.64865 (24/37),8,0.020103365380123746
618,GCF_003258395.1.RAST.fbamodel,GCF_001424325.1.RAST.fbamodel,0.57895 (22/38),0.66667 (22/33),6,0.026454281758457338
619,GCF_003258395.1.RAST.fbamodel,GCF_001423765.1.RAST.fbamodel,0.63158 (24/38),0.68571 (24/35),5,0.06277276878123259
620,GCF_003258395.1.RAST.fbamodel,GCF_001426225.1.RAST.fbamodel,0.71053 (27/38),0.65854 (27/41),5,0.41253516558537656
621,GCF_003258395.1.RAST.fbamodel,GCF_001423805.1.RAST.fbamodel,0.60526 (23/38),0.63889 (23/36),7,0.4756978408541653
622,GCF_003258395.1.RAST.fbamodel,GCF_001423825.1.RAST.fbamodel,0.60526 (23/38),0.65714 (23/35),7,0.7367889932848805
623,GCF_003258395.1.RAST.fbamodel,GCF_001423845.1.RAST.fbamodel,0.65789 (25/38),0.69444 (25/36),5,0.03232016387582136
624,GCF_003258395.1.RAST.fbamodel,GCF_001424455.1.RAST.fbamodel,0.68421 (26/38),0.68421 (26/38),7,0.6482991577439731
625,GCF_003258395.1.RAST.fbamodel,GCF_001421825.1.RAST.fbamodel,0.78947 (30/38),0.76923 (30/39),3,0.7730018112246089
626,GCF_003258395.1.RAST.fbamodel,GCF_001424065.1.RAST.fbamodel,0.57895 (22/38),0.66667 (22/33),6,0.027203061120901206
627,GCF_003258395.1.RAST.fbamodel,GCF_001424105.1.RAST.fbamodel,0.76316 (29/38),0.87879 (29/33),5,0.10911165190658087
628,GCF_003258395.1.RAST.fbamodel,GCF_001424605.1.RAST.fbamodel,0.73684 (28/38),0.80000 (28/35),2,0.47859621858288637
629,GCF_003258395.1.RAST.fbamodel,GCF_001424525.1.RAST.fbamodel,0.71053 (27/38),0.69231 (27/39),6,0.5199455348211965
630,GCF_003258395.1.RAST.fbamodel,GCF_001424545.1.RAST.fbamodel,0.71053 (27/38),0.75000 (27/36),2,0.13776710063691747
631,GCF_003258395.1.RAST.fbamodel,GCF_920939485.1.RAST.fbamodel,0.76316 (29/38),0.85294 (29/34),2,0.4785954666624376
632,GCF_003258395.1.RAST.fbamodel,GCF_001424145.1.RAST.fbamodel,0.76316 (29/38),0.87879 (29/33),6,0.12076962642268264
633,GCF_003258395.1.RAST.fbamodel,GCF_001425385.1.RAST.fbamodel,0.65789 (25/38),0.69444 (25/36),7,0.03186886192812138
634,GCF_003258395.1.RAST.fbamodel,GCF_916856905.1.RAST.fbamodel,0.73684 (28/38),0.62222 (28/45),5,0.12846795871723718
635,GCF_003258395.1.RAST.fbamodel,GCF_001422545.1.RAST.fbamodel,0.68421 (26/38),0.63415 (26/41),7,0.16832938931382305
636,GCF_003258395.1.RAST.fbamodel,GCF_001425405.1.RAST.fbamodel,0.63158 (24/38),0.63158 (24/38),4,0.022697380878176323
637,GCF_003258395.1.RAST.fbamodel,GCF_001425425.1.RAST.fbamodel,0.73684 (28/38),0.68293 (28/41),5,0.1243581273816853
638,GCF_003258395.1.RAST.fbamodel,GCF_001421845.1.RAST.fbamodel,0.63158 (24/38),0.68571 (24/35),7,0.03452825988739349
639,GCF_003258395.1.RAST.fbamodel,GCF_001425445.1.RAST.fbamodel,0.60526 (23/38),0.63889 (23/36),5,0.03829579742206653
640,GCF_003258395.1.RAST.fbamodel,GCF_001425485.1.RAST.fbamodel,0.68421 (26/38),0.78788 (26/33),5,0.049323934319494424
641,GCF_003258395.1.RAST.fbamodel,GCF_001425575.1.RAST.fbamodel,0.63158 (24/38),0.77419 (24/31),1,0.4634530565760975
642,GCF_003258395.1.RAST.fbamodel,GCF_001424755.1.RAST.fbamodel,0.65789 (25/38),0.65789 (25/38),8,0.03181738456954035
643,GCF_003258395.1.RAST.fbamodel,GCF_001425525.1.RAST.fbamodel,0.68421 (26/38),0.81250 (26/32),4,0.04937846187571054
644,GCF_003258395.1.RAST.fbamodel,GCF_001425565.1.RAST.fbamodel,0.71053 (27/38),0.67500 (27/40),6,0.5199455348211921
645,GCF_003258395.1.RAST.fbamodel,GCF_001421915.1.RAST.fbamodel,0.65789 (25/38),0.71429 (25/35),5,0.1494396797071548
646,GCF_003258395.1.RAST.fbamodel,GCF_001422645.1.RAST.fbamodel,0.76316 (29/38),0.78378 (29/37),8,0.680970358359829
647,GCF_003258395.1.RAST.fbamodel,GCF_001422775.1.RAST.fbamodel,0.84211 (32/38),0.80000 (32/40),3,1.173945833037412
648,GCF_003258395.1.RAST.fbamodel,GCF_001422215.1.RAST.fbamodel,0.76316 (29/38),0.72500 (29/40),6,0.5710519982466192
649,GCF_003258395.1.RAST.fbamodel,GCF_001422815.1.RAST.fbamodel,0.78947 (30/38),0.76923 (30/39),3,1.2664698413509121
650,GCF_003258395.1.RAST.fbamodel,GCF_001422345.1.RAST.fbamodel,0.76316 (29/38),0.67442 (29/43),10,0.8177628115517671
651,GCF_003258395.1.RAST.fbamodel,GCF_001422375.1.RAST.fbamodel,0.81579 (31/38),0.67391 (31/46),3,0.8895183366278496
